F 1 4
0 0.908290 789.7500 268.6250 1279.8750 710.7500
72 0.687631 240.2500 114.1250 761.2500 708.2500
68 0.304042 694.8750 162.7500 1265.7500 706.0000
69 0.130284 693.8750 154.3750 1268.5000 708.5000
F 2 4
0 0.899478 799.2500 266.8750 1280.0000 710.7500
72 0.720171 241.1250 113.7500 759.7500 708.2500
69 0.236519 693.0000 163.2500 1279.5000 710.7500
68 0.159216 693.0000 166.2500 1276.0000 709.2500
F 3 4
0 0.895890 791.5000 267.1250 1279.8750 710.5000
72 0.796925 238.8750 112.2500 769.5000 707.7500
68 0.295840 690.8750 165.2500 1269.0000 707.5000
69 0.167764 691.2500 164.8125 1271.5000 711.2500
F 4 4
0 0.915810 790.0000 266.0000 1280.0000 710.1250
72 0.808068 237.8750 109.5000 764.5000 707.5000
68 0.414899 692.3750 159.8750 1267.5000 707.7500
69 0.234409 692.3750 152.1250 1274.5000 711.7500
F 5 3
0 0.926302 786.0000 266.2500 1279.8750 710.5000
72 0.783988 238.5000 109.7500 758.2500 707.0000
69 0.302392 691.5000 169.3750 1271.0000 708.0000
F 6 4
0 0.915810 788.5000 265.2500 1279.1250 711.7500
72 0.743169 240.2500 106.5000 760.0000 707.5000
68 0.220007 690.3750 181.2500 1267.5000 710.2500
69 0.195594 690.7500 183.1250 1265.0000 711.0000
F 7 3
0 0.923039 786.0000 267.2500 1279.2500 711.7500
72 0.800692 237.1250 109.5000 755.0000 707.5000
69 0.249447 691.0000 183.6250 1262.2500 710.5000
F 8 3
0 0.920221 788.0000 267.0000 1279.2500 711.2500
72 0.663669 238.6250 105.0000 761.7500 707.2500
69 0.235111 693.0000 184.2500 1264.0000 711.7500
F 9 6
0 0.931461 787.2500 268.7500 1279.3750 712.5000
72 0.627952 236.0000 103.0000 757.2500 708.0000
68 0.209470 694.3750 183.5000 1270.2500 712.2500
41 0.194980 1201.2812 613.3750 1279.8125 719.7812
69 0.190723 694.1250 187.5000 1276.0000 713.2500
41 0.114767 1151.1875 613.2188 1279.4375 717.5625
F 10 4
0 0.942504 785.7500 268.7500 1279.5000 711.7500
72 0.535099 234.0000 103.0000 760.2500 708.5000
69 0.138931 694.1250 182.1250 1274.2500 711.7500
72 0.132514 693.5000 177.2500 1271.0000 707.7500
F 11 4
0 0.932453 786.5000 269.2500 1279.3750 711.6250
72 0.609524 231.3750 107.0000 759.5000 709.0000
69 0.214034 692.7500 183.8125 1273.5000 713.2500
68 0.172174 691.6250 179.8750 1269.5000 708.5000
F 12 6
0 0.926568 786.7500 269.0000 1279.3750 710.8750
72 0.611382 230.8750 104.7500 762.7500 708.3750
41 0.362969 1202.1562 611.7500 1279.6797 718.6250
69 0.246534 695.6250 188.0000 1275.2500 713.2500
68 0.224055 693.3750 184.7500 1269.7500 709.0000
41 0.104110 1144.3750 610.6250 1279.3125 718.8125
F 13 5
0 0.930960 787.0000 269.1250 1279.1250 711.7500
72 0.668880 229.8750 106.0000 767.7500 708.8750
69 0.207536 697.6250 185.8750 1271.7500 713.2500
68 0.125062 697.3750 183.3750 1268.5000 710.7500
41 0.117977 1201.5625 612.9062 1279.2500 719.4062
F 14 5
0 0.929948 784.2500 269.7500 1280.0000 711.3750
72 0.685950 231.0000 109.0000 763.2500 709.0000
69 0.206894 698.0000 190.3125 1272.5000 713.7500
72 0.130727 696.5000 187.1250 1268.7500 709.2500
68 0.100875 697.5000 187.5000 1268.0000 711.5000
F 15 4
0 0.925499 787.7500 269.2500 1279.1250 711.3750
72 0.715424 233.5000 104.2500 762.2500 707.7500
68 0.237932 698.3750 187.5000 1275.7500 712.2500
69 0.218003 699.3750 188.8125 1274.2500 713.7500
F 16 4
0 0.933916 787.2500 269.1250 1279.5000 711.0000
72 0.746140 231.7500 110.7500 758.0000 708.2500
69 0.205615 695.6250 186.2500 1274.5000 712.7500
72 0.156103 693.5000 184.3750 1270.7500 708.7500
F 17 5
0 0.927623 787.2500 268.8750 1279.5000 711.8750
72 0.718594 236.0000 105.3750 764.5000 708.5000
69 0.228158 696.6250 188.0625 1272.7500 711.2500
72 0.125920 694.1250 186.7500 1268.5000 708.2500
68 0.117572 695.2500 187.0000 1267.7500 711.2500
F 18 5
0 0.937214 785.2500 267.0000 1279.2500 711.3750
72 0.803174 233.5000 103.7500 767.0000 709.0000
68 0.222700 692.7500 183.6250 1272.0000 709.0000
69 0.165593 695.0000 186.0000 1276.2500 712.5000
67 0.118383 782.6250 392.1250 942.8750 657.5000
F 19 5
0 0.941438 783.2500 266.3750 1279.3750 711.0000
72 0.823327 233.7500 99.0000 760.5000 707.7500
69 0.160265 694.7500 186.6875 1278.7500 710.7500
41 0.140811 1143.7500 608.2188 1279.5938 717.3125
72 0.103022 693.0000 184.7500 1276.0000 708.2500
F 20 3
0 0.929693 782.2500 268.6250 1280.0000 711.0000
72 0.837621 233.0000 99.0000 762.2500 708.2500
69 0.234409 695.3750 186.6875 1276.7500 711.2500
F 21 3
0 0.941653 778.5000 267.5000 1280.0000 710.7500
72 0.793106 232.6250 98.7500 757.5000 708.2500
69 0.178956 694.1250 186.5000 1276.7500 712.2500
F 22 4
0 0.929948 783.7500 267.3750 1279.5000 711.2500
72 0.793106 234.0000 103.0000 762.0000 707.5000
69 0.166134 695.2500 186.8125 1275.7500 711.7500
72 0.120853 694.3750 184.5000 1274.0000 707.7500
F 23 4
0 0.926568 785.0000 265.5000 1279.1250 712.1250
72 0.740176 233.7500 98.7500 757.7500 708.2500
69 0.281406 692.3750 182.3125 1278.2500 711.7500
68 0.113583 692.8750 179.2500 1276.2500 710.7500
F 24 4
0 0.929948 780.6250 268.2500 1279.5000 711.2500
72 0.826710 234.1250 100.7500 757.0000 708.2500
69 0.162379 693.1250 183.8750 1273.0000 711.5000
72 0.101230 692.1250 181.3750 1272.0000 707.2500
F 25 5
0 0.942926 778.2500 266.2500 1279.5000 710.3750
72 0.785308 236.2500 90.6250 760.7500 709.7500
69 0.134322 694.8750 187.3125 1276.0000 712.2500
72 0.130284 694.0000 184.3750 1273.5000 707.5000
68 0.112799 695.0000 186.6250 1277.2500 708.0000
F 26 6
0 0.942080 778.8750 265.5000 1279.5000 710.5000
72 0.738670 234.0000 100.2500 763.5000 708.2500
67 0.162379 781.0625 392.5625 901.2812 520.2188
72 0.138464 694.6250 181.5000 1276.0000 707.7500
69 0.129842 694.8750 184.1875 1277.5000 711.2500
67 0.103022 779.1250 391.8750 944.8125 659.5000
F 27 5
0 0.932699 780.1250 268.3750 1279.7500 711.1250
72 0.821044 234.1250 102.7500 760.2500 708.2500
69 0.148044 694.8750 189.0000 1277.7500 710.0000
72 0.132514 693.8750 185.8750 1275.5000 706.7500
41 0.101230 1200.0312 608.7188 1279.7188 719.0625
F 28 4
0 0.937899 783.2500 266.0000 1279.5000 711.0000
72 0.804406 236.3750 98.6250 762.0000 709.5000
72 0.235111 695.6250 185.6250 1273.5000 709.0000
69 0.116363 696.2500 187.5000 1275.5000 711.5000
F 29 5
0 0.937443 777.7500 265.2500 1279.7500 711.1250
72 0.737159 231.5000 89.5000 762.0000 708.2500
69 0.141759 695.6250 184.5625 1277.2500 712.5000
67 0.115165 778.9375 391.6875 943.3438 668.8750
68 0.115165 696.1250 183.6250 1277.2500 709.5000
F 30 3
0 0.930203 781.7500 269.7500 1279.2500 712.5000
72 0.791821 233.6250 102.5000 764.2500 708.7500
72 0.212069 696.0000 186.1250 1274.7500 708.0000
F 31 4
0 0.930960 786.0000 268.2500 1279.5000 711.5000
72 0.734120 238.2500 101.0000 771.0000 709.2500
68 0.161319 697.6250 188.3750 1276.0000 709.0000
69 0.141759 696.7500 188.0625 1272.2500 711.7500
F 32 5
0 0.940790 781.0000 264.5000 1279.8750 711.2500
72 0.785308 232.5000 93.6250 760.7500 710.5000
72 0.158173 694.0000 183.0000 1272.2500 707.7500
68 0.127650 695.0000 184.8750 1276.7500 709.2500
69 0.119200 695.1250 184.5000 1273.7500 711.2500
F 33 6
0 0.938126 777.8750 264.8750 1279.5000 710.8750
72 0.787931 234.1250 98.2500 763.7500 708.5000
67 0.153041 778.7500 392.3750 937.6250 690.5000
68 0.120853 694.3750 181.5000 1277.2500 707.7500
69 0.120027 694.1250 184.7500 1279.2500 711.2500
67 0.105209 780.8125 392.3750 897.1562 519.1562
F 34 5
0 0.935585 781.2500 269.5000 1280.0000 711.8750
72 0.783988 238.1250 106.0000 774.7500 708.7500
67 0.153041 779.5000 397.1250 948.7500 705.0000
67 0.134777 781.2500 391.9688 900.2500 523.4375
72 0.120027 692.2500 181.6250 1274.2500 708.0000
F 35 4
0 0.944789 782.2500 264.8750 1279.3750 711.1250
72 0.795658 233.6250 97.7500 765.5000 708.7500
72 0.227471 694.1250 183.0000 1272.0000 707.7500
67 0.124210 777.3750 393.8750 940.8750 714.0000
F 36 4
0 0.938577 783.5000 263.0000 1279.5000 712.2500
72 0.801936 233.7500 99.7500 763.5000 708.0000
69 0.177242 694.6250 182.4375 1278.5000 711.7500
68 0.155076 694.1250 182.2500 1278.7500 708.2500
F 37 3
0 0.940573 777.8750 268.5000 1279.5000 710.7500
72 0.763481 233.5000 99.5000 763.5000 708.0000
69 0.162912 692.1250 188.8750 1277.0000 713.0000
F 38 4
0 0.933189 783.5000 265.7500 1279.3750 712.1250
72 0.808068 233.1250 102.5000 768.2500 709.0000
69 0.144633 694.8750 186.3750 1276.5000 709.7500
72 0.110090 694.1250 183.3750 1272.0000 708.0000
F 39 4
0 0.940354 777.7500 263.7500 1280.0000 711.1250
72 0.786623 233.7500 95.7500 762.5000 708.5000
68 0.149036 691.1250 181.2500 1274.0000 708.2500
69 0.113583 692.1250 183.3750 1275.0000 712.5000
F 40 6
0 0.924145 783.5000 264.0000 1279.5000 711.8750
72 0.798187 238.3750 94.5000 770.2500 709.5000
69 0.247988 693.2500 183.5625 1276.0000 711.0000
67 0.155076 778.1875 390.8125 944.5000 664.5000
67 0.132964 780.3125 391.9375 908.5000 518.8750
68 0.132066 692.1250 182.5000 1273.5000 710.7500
F 41 6
0 0.941438 782.0000 264.2500 1279.3750 712.0000
72 0.793106 235.8750 100.5000 766.2500 708.7500
69 0.156618 694.7500 187.6875 1275.7500 711.0000
67 0.150029 778.1875 393.1250 904.1250 525.7500
72 0.142234 694.0000 185.2500 1273.5000 708.2500
67 0.132964 777.4375 393.1875 947.3125 660.2500
F 42 3
0 0.936521 782.0000 266.1250 1279.5000 711.5000
72 0.803174 234.7500 101.5000 757.5000 708.7500
72 0.110474 690.7500 180.5000 1275.0000 708.7500
F 43 6
0 0.942715 780.5000 264.8750 1279.8750 713.1250
72 0.783988 234.1250 95.0000 768.7500 708.7500
69 0.177812 695.1250 187.0625 1278.2500 712.2500
67 0.133868 778.8125 391.2500 916.9375 542.9375
72 0.118383 693.7500 185.1250 1276.2500 707.5000
68 0.104476 695.1250 186.7500 1278.5000 708.7500
F 44 4
0 0.936288 777.3750 266.5000 1279.5000 711.1250
72 0.801936 233.7500 101.5000 769.0000 709.0000
56 0.190723 705.5000 127.3438 892.2500 201.8281
69 0.105578 696.1250 188.3750 1279.5000 711.5000
F 45 3
0 0.932944 780.3750 267.0000 1279.7500 710.8750
72 0.821044 232.2500 99.2500 772.0000 708.5000
72 0.104110 695.7500 183.3750 1273.7500 707.0000
F 46 5
0 0.935349 780.2500 265.5000 1280.0000 711.7500
72 0.822188 234.8750 99.2500 762.0000 708.7500
72 0.194980 692.7500 185.2500 1269.2500 706.2500
67 0.122521 776.6250 398.2500 948.1875 671.1250
69 0.117977 693.3750 187.6875 1272.7500 709.7500
F 47 4
0 0.939247 784.0000 264.1250 1279.3750 712.2500
72 0.774583 234.7500 96.3750 769.0000 709.5000
72 0.187727 692.2500 183.6250 1275.5000 708.5000
69 0.139869 693.0000 185.5625 1278.2500 713.0000
F 48 4
0 0.934157 779.5000 265.3750 1279.7500 711.1250
72 0.783988 233.3750 97.2500 764.5000 708.5000
69 0.166676 691.7500 185.9375 1277.2500 710.0000
72 0.129401 691.3750 184.7500 1274.2500 707.2500
F 49 3
0 0.936521 782.7500 264.8750 1279.3750 711.8750
72 0.799442 235.7500 94.5000 768.5000 709.0000
72 0.138931 689.1250 182.2500 1275.7500 707.2500
F 50 4
0 0.922762 780.1250 265.0000 1279.5000 711.1250
72 0.744657 234.3750 91.2500 764.0000 710.0000
72 0.192539 691.5000 183.0000 1270.7500 708.2500
69 0.140339 692.2500 179.7500 1271.2500 711.7500
F 51 4
0 0.930456 778.6250 268.7500 1279.7500 711.2500
72 0.747616 237.6250 102.2500 763.2500 709.0000
69 0.133868 696.6250 189.5625 1273.0000 712.0000
72 0.112019 696.2500 187.5000 1271.0000 708.5000
F 52 5
0 0.930960 782.0000 266.5000 1279.8750 711.2500
72 0.712233 235.3750 100.2500 774.0000 709.2500
72 0.134322 693.7500 182.5000 1274.2500 709.2500
69 0.129401 695.1250 185.5625 1276.7500 712.5000
68 0.110474 695.3750 185.2500 1278.7500 710.2500
F 53 4
0 0.929438 783.7500 263.0000 1279.5000 711.7500
72 0.749087 233.7500 94.5000 768.2500 708.5000
72 0.207536 690.7500 180.6250 1273.0000 709.0000
69 0.149036 691.6250 181.8750 1276.5000 714.0000
F 54 3
0 0.936984 784.0000 265.6250 1279.2500 712.0000
72 0.770463 234.2500 95.6250 769.7500 708.7500
72 0.171618 695.2500 180.5000 1276.0000 708.2500
F 55 3
0 0.931959 780.0000 269.2500 1279.5000 711.2500
72 0.763481 235.8750 91.6250 756.5000 709.7500
72 0.114371 692.2500 182.1250 1275.5000 707.5000
F 56 5
0 0.943968 783.7500 266.5000 1279.3750 711.6250
72 0.808068 233.6250 96.2500 764.7500 708.7500
72 0.203708 692.8750 184.2500 1274.0000 708.5000
41 0.188323 1199.9375 608.4375 1279.5938 720.0000
69 0.106691 694.5000 186.5000 1277.5000 712.7500
F 57 4
0 0.923039 779.7500 268.5000 1279.2500 712.0000
72 0.778650 236.1250 98.5000 765.5000 709.0000
72 0.278257 692.3750 184.7500 1270.2500 709.2500
67 0.106691 780.2500 388.8750 986.8750 670.0000
F 58 4
0 0.939690 783.2500 269.5000 1279.5000 712.0000
72 0.796925 234.8750 100.5000 773.0000 708.7500
72 0.175540 697.3750 187.0000 1273.5000 707.5000
67 0.131172 779.1875 402.3125 901.7188 521.9375
F 59 4
0 0.938352 784.7500 267.5000 1279.3750 711.7500
72 0.747616 237.3750 94.1250 767.7500 709.5000
69 0.138464 692.7500 180.8750 1274.2500 712.0000
72 0.115165 693.5000 181.7500 1275.7500 707.5000
F 60 4
0 0.931711 781.5000 266.7500 1279.5000 711.7500
72 0.764889 237.0000 94.5000 766.5000 709.7500
69 0.172174 692.2500 185.0000 1276.0000 712.0000
41 0.132066 1204.0000 610.2188 1279.5312 720.0000
F 61 4
0 0.937443 784.5000 267.8750 1279.1250 712.0000
72 0.752012 235.5000 101.7500 766.2500 709.0000
72 0.212722 690.0000 184.6250 1275.5000 706.7500
40 0.103746 780.2500 395.5000 946.1875 712.3750
F 62 3
0 0.928665 783.1250 271.1250 1279.5000 711.6250
72 0.769078 238.5000 97.2500 765.5000 709.0000
72 0.192539 692.5000 181.1250 1270.5000 708.0000
F 63 4
0 0.938801 786.0000 267.1250 1279.3750 711.7500
72 0.737159 233.7500 92.0000 775.2500 709.5000
72 0.187727 694.5000 180.5000 1275.2500 708.5000
67 0.108190 781.1875 393.7500 943.6562 657.8750
F 64 4
0 0.938126 785.7500 267.5000 1279.3750 711.7500
72 0.750553 239.0000 95.2500 769.2500 709.0000
69 0.152031 693.8750 182.3750 1277.0000 711.5000
72 0.110090 692.3750 181.3750 1274.5000 707.5000
F 65 4
0 0.929948 787.0000 268.3750 1279.3750 711.6250
72 0.798187 235.0000 92.7500 772.2500 708.7500
72 0.214034 693.8750 184.3750 1272.2500 707.7500
69 0.157135 693.5000 183.5000 1273.7500 712.0000
F 66 6
0 0.936521 786.7500 268.6250 1279.3750 711.7500
72 0.790530 234.8750 101.2500 772.7500 708.5000
41 0.264358 1206.5000 611.7188 1279.3750 719.2500
69 0.128523 695.5000 187.1250 1277.7500 712.2500
72 0.109327 693.7500 184.5000 1275.0000 707.7500
68 0.101586 695.1250 185.8750 1278.2500 708.5000
F 67 3
0 0.933189 787.0000 266.8750 1279.3750 711.6250
72 0.702530 237.1250 90.6250 762.2500 709.2500
69 0.179531 693.7500 184.6250 1278.2500 713.2500
F 68 4
0 0.929948 785.2500 268.2500 1279.2500 711.5000
72 0.754914 236.0000 89.6250 764.5000 709.7500
69 0.152535 693.3750 185.7500 1275.2500 710.2500
72 0.151528 692.7500 183.8750 1272.5000 707.2500
F 69 3
0 0.931211 787.5000 269.3750 1279.2500 711.5000
72 0.775945 234.5000 103.2500 765.5000 708.5000
69 0.256831 692.2500 182.4375 1276.5000 712.2500
F 70 5
0 0.936288 786.2500 270.7500 1279.3750 712.1250
72 0.741675 233.7500 94.7500 769.2500 708.0000
67 0.138464 784.1250 394.3125 899.4375 518.9062
69 0.136610 695.1250 188.7500 1275.2500 709.7500
72 0.134777 694.6250 185.8750 1273.0000 707.0000
F 71 3
0 0.933916 783.6250 271.8750 1280.0000 711.6250
72 0.799442 233.1250 98.2500 763.7500 709.0000
72 0.192539 692.3750 181.0000 1273.7500 707.5000
F 72 5
0 0.937671 787.5000 269.8750 1279.3750 712.7500
72 0.831142 232.5000 96.2500 768.2500 708.5000
72 0.229537 692.0000 183.6250 1271.7500 708.0000
67 0.154056 783.1875 393.2500 901.7500 519.9688
69 0.121685 691.7500 182.7500 1269.0000 711.7500
F 73 4
0 0.937899 786.7500 270.7500 1279.5000 712.0000
72 0.752012 235.6250 97.3750 773.2500 709.5000
41 0.226785 1208.9688 610.9688 1279.4375 719.5000
69 0.114767 693.8750 186.8125 1275.7500 711.0000
F 74 3
0 0.932944 786.2500 268.6250 1279.6250 712.2500
72 0.762068 234.0000 89.6250 762.5000 709.7500
69 0.143670 692.1250 186.9375 1276.5000 711.0000
F 75 4
0 0.939247 787.5000 268.3750 1279.2500 712.3750
72 0.651354 236.0000 92.6250 776.0000 709.0000
69 0.164516 693.5000 181.3125 1276.0000 710.7500
72 0.138931 692.7500 178.1250 1274.2500 707.2500
F 76 5
0 0.940354 786.2500 271.0000 1279.3750 712.0000
72 0.724870 234.1250 98.7500 765.0000 709.0000
72 0.147553 693.3750 183.6250 1273.2500 707.2500
69 0.118791 693.8750 186.0625 1275.7500 712.2500
67 0.109708 784.2188 396.4688 908.7812 520.3750
F 77 3
0 0.923591 788.2500 271.1250 1279.3750 711.8750
72 0.737159 236.5000 94.3750 766.2500 709.2500
72 0.101230 694.3750 186.0000 1272.5000 709.0000
F 78 3
0 0.933189 786.7500 269.8750 1279.5000 711.8750
72 0.756356 235.6250 92.1250 771.0000 709.0000
72 0.183594 693.1250 180.7500 1271.2500 706.7500
F 79 4
0 0.935585 786.0000 270.0000 1279.2500 712.6250
72 0.700894 236.0000 96.8750 769.5000 709.2500
72 0.188921 692.0000 181.5000 1272.0000 708.5000
69 0.102661 691.8750 184.4375 1276.0000 713.0000
F 80 4
0 0.932207 786.5000 271.1250 1279.3750 711.5000
72 0.717012 237.5000 95.7500 775.2500 709.2500
67 0.194367 783.3125 394.8750 946.0625 664.3750
69 0.133868 696.7500 184.5625 1274.2500 713.0000
F 81 4
0 0.933432 784.5000 272.1250 1279.8750 711.8750
72 0.760648 234.8750 98.7500 779.2500 709.0000
56 0.115963 705.6875 126.7812 892.1875 201.0312
72 0.106319 694.3750 180.6250 1270.5000 708.2500
F 82 3
0 0.939690 787.7500 270.2500 1279.3750 711.8750
72 0.658418 238.2500 92.3750 776.5000 708.7500
69 0.226100 694.5000 183.1250 1275.7500 712.5000
F 83 4
0 0.939025 784.7500 271.0000 1279.1250 711.6250
72 0.764889 235.5000 91.8750 761.7500 709.0000
69 0.142234 694.0000 186.5000 1275.7500 712.0000
72 0.115165 693.2500 184.1250 1271.7500 707.5000
F 84 3
0 0.938577 786.7500 271.3750 1279.5000 712.0000
72 0.704160 236.0000 97.1250 774.7500 708.5000
69 0.152031 696.2500 184.1875 1277.7500 713.7500
F 85 6
0 0.929693 786.5000 270.0000 1279.1250 711.3750
72 0.763481 234.2500 95.6250 770.7500 709.2500
69 0.174412 693.5000 183.6250 1270.5000 711.2500
72 0.116363 692.8750 180.1250 1269.7500 707.5000
67 0.111244 783.0625 393.8750 951.4375 661.7500
67 0.101586 784.3125 395.1250 905.5625 518.8125
F 86 3
0 0.915205 783.3750 272.1250 1279.7500 711.8750
72 0.687631 234.1250 91.2500 767.2500 709.2500
69 0.205615 694.3750 184.0000 1273.7500 713.5000
F 87 7
0 0.932699 788.0000 271.8750 1279.2500 712.0000
72 0.782663 233.3750 104.2500 774.0000 708.0000
67 0.236519 784.8438 396.1250 943.2500 688.8750
67 0.214692 784.4375 395.4375 905.6562 520.0625
72 0.159740 691.6250 183.1250 1274.0000 707.7500
69 0.141759 692.7500 185.0625 1276.7500 711.7500
68 0.100169 692.3750 184.2500 1278.0000 709.0000
F 88 3
0 0.928146 786.7500 270.8750 1279.6250 711.6250
72 0.786623 235.6250 94.2500 773.7500 709.2500
69 0.247988 693.7500 188.2500 1272.5000 712.5000
F 89 4
0 0.932207 787.2500 271.0000 1279.3750 711.0000
72 0.694303 234.8750 89.8750 770.5000 709.0000
69 0.191932 693.5000 184.0625 1273.5000 713.0000
72 0.160791 692.5000 181.5000 1272.5000 708.0000
F 90 4
0 0.939469 786.2500 270.7500 1279.3750 712.0000
72 0.746140 235.1250 96.2500 772.2500 707.7500
72 0.177242 692.0000 182.1250 1276.2500 708.0000
69 0.102302 692.7500 184.2500 1277.7500 712.7500
F 91 3
0 0.935113 782.6250 272.5000 1279.5000 712.1250
72 0.763481 235.5000 95.0000 774.2500 709.0000
72 0.117977 694.2500 182.3750 1273.2500 708.5000
F 92 5
0 0.932944 787.0000 270.3750 1279.1250 711.5000
72 0.770463 235.0000 97.1250 777.7500 709.7500
69 0.194980 695.0000 184.6250 1273.2500 712.2500
72 0.131618 695.8750 184.0000 1274.7500 707.5000
67 0.128523 784.5000 394.2500 943.4375 657.1875
F 93 4
0 0.942926 786.0000 270.0000 1279.1250 711.7500
72 0.717012 235.2500 96.0000 775.7500 709.0000
68 0.174412 695.0000 186.3750 1278.2500 708.5000
69 0.139869 694.8750 187.0000 1276.7500 711.2500
F 94 6
0 0.939690 789.0000 270.6250 1279.2500 711.5000
72 0.735642 236.1250 89.3750 778.2500 708.5000
69 0.198685 692.2500 186.0625 1274.0000 710.0000
72 0.176105 690.8750 184.3750 1271.2500 704.7500
67 0.166676 784.6250 393.6250 906.5625 516.7500
67 0.111244 785.0625 393.6875 948.5000 663.2500
F 95 4
0 0.936055 786.5000 269.8750 1279.5000 712.1250
72 0.752012 234.6250 100.2500 770.0000 708.5000
72 0.241491 691.1250 179.8750 1274.2500 708.2500
67 0.158173 784.5000 394.3750 901.2188 517.5625
F 96 6
0 0.933189 786.2500 270.5000 1279.2500 712.0000
72 0.766291 233.6250 96.7500 775.2500 708.2500
67 0.261330 784.3750 393.2500 902.7188 517.0312
67 0.230922 784.0938 393.5000 940.6250 704.7500
72 0.145601 693.0000 183.7500 1276.2500 708.2500
69 0.112799 693.6250 185.3125 1278.0000 712.0000
F 97 5
0 0.938801 784.5000 272.8750 1280.0000 711.7500
72 0.717012 234.5000 98.3750 775.2500 709.0000
67 0.182423 783.0625 397.6250 952.1250 663.3750
69 0.173850 696.7500 185.7500 1275.5000 710.7500
67 0.113583 784.5625 397.7500 901.9688 518.7188
F 98 3
0 0.939690 786.5000 271.1250 1279.1250 711.7500
72 0.753466 236.5000 98.0000 774.0000 708.7500
72 0.198685 692.2500 183.7500 1273.5000 709.5000
F 99 4
0 0.923039 785.7500 269.3750 1279.5000 711.5000
72 0.766291 234.1250 92.7500 764.7500 709.7500
69 0.161849 694.8750 183.5625 1273.0000 713.5000
72 0.157135 694.6250 181.7500 1272.0000 709.2500
F 100 3
0 0.922762 787.0000 271.0000 1279.2500 712.1250
72 0.770463 233.3750 101.7500 773.0000 708.5000
72 0.194980 696.1250 186.2500 1269.7500 707.0000
F 101 5
0 0.935349 785.2500 273.6250 1280.0000 711.6250
72 0.773215 238.8750 102.0000 777.0000 708.2500
67 0.201813 783.5625 399.2500 905.6250 521.7500
69 0.104842 696.6250 189.3750 1271.7500 713.7500
72 0.101230 696.1250 186.6250 1270.2500 709.0000
F 102 2
0 0.936288 786.2500 271.2500 1279.3750 711.5000
72 0.721743 235.5000 97.0000 767.5000 708.5000
F 103 4
0 0.930203 786.5000 269.5000 1279.5000 712.3750
72 0.796925 236.0000 95.7500 770.0000 709.5000
72 0.176105 694.7500 182.5000 1274.2500 708.0000
69 0.157135 695.1250 184.3750 1275.7500 712.2500
F 104 7
0 0.935585 787.0000 270.3750 1279.3750 712.0000
72 0.717012 235.5000 94.0000 772.5000 709.2500
41 0.302392 1203.4375 613.2500 1278.8438 719.0938
69 0.172174 694.3750 185.1250 1274.7500 711.2500
67 0.119200 784.6875 395.0625 902.3750 518.5938
41 0.104842 1161.5625 612.2812 1279.2812 716.7812
67 0.103746 783.0625 395.2500 942.3125 707.6250
F 105 5
0 0.936984 785.5000 271.8750 1279.5000 713.0000
72 0.800692 234.3750 97.7500 772.0000 709.2500
69 0.203075 694.7500 186.5000 1276.2500 713.0000
67 0.133868 784.5625 397.1250 899.5312 517.0938
68 0.131172 694.3750 184.3750 1271.7500 711.0000
F 106 4
0 0.935113 787.0000 269.5000 1279.3750 711.3750
72 0.712233 239.5000 95.3750 780.2500 708.5000
69 0.129842 695.5000 182.5000 1266.5000 712.2500
72 0.122942 694.0000 181.1250 1268.5000 708.7500
F 107 5
0 0.933916 785.0000 269.1250 1279.3750 712.2500
72 0.674050 235.5000 87.3750 775.0000 709.0000
69 0.180683 693.7500 184.8125 1275.5000 711.7500
67 0.141284 784.0625 395.2500 947.0000 675.7500
68 0.136610 692.3750 182.6250 1273.5000 708.0000
F 108 4
0 0.931959 786.5000 270.8750 1279.1250 712.0000
72 0.773215 236.5000 100.0000 770.2500 708.0000
69 0.169958 695.7500 188.0000 1271.7500 712.5000
67 0.117572 784.8125 395.0625 903.9375 519.6562
F 109 6
0 0.935585 780.7500 273.6250 1279.2500 711.7500
72 0.760648 233.8750 101.5000 769.0000 708.2500
67 0.208179 784.4375 393.3125 905.0312 521.0938
67 0.141284 782.5000 393.2500 945.7500 696.2500
72 0.117572 694.6250 185.6250 1270.7500 708.0000
69 0.111631 695.5000 187.0625 1271.7500 711.0000
F 110 3
0 0.932207 785.0000 271.7500 1279.6250 711.8750
72 0.752012 237.2500 98.2500 770.7500 708.5000
72 0.191327 691.5000 185.2500 1270.7500 710.2500
F 111 4
0 0.938352 784.5000 271.0000 1280.0000 711.6250
72 0.787931 232.3750 96.2500 764.5000 708.7500
72 0.153041 692.2500 182.8750 1275.5000 709.0000
69 0.108190 693.0000 184.0625 1277.7500 713.7500
F 112 4
0 0.934637 786.2500 270.8750 1279.3750 712.2500
72 0.750553 237.0000 96.3750 766.5000 709.5000
72 0.262841 695.0000 185.0000 1274.7500 710.2500
69 0.117572 695.8750 186.7500 1275.7500 714.5000
F 113 5
0 0.926035 783.5000 271.2500 1279.7500 711.3750
72 0.731057 237.3750 94.3750 769.2500 709.0000
69 0.149532 694.7500 184.3125 1271.0000 712.2500
72 0.128961 693.5000 181.5000 1270.0000 708.5000
68 0.100169 694.3750 183.3750 1274.7500 709.5000
F 114 7
0 0.938352 785.7500 270.7500 1279.2500 712.0000
72 0.786623 234.8750 103.0000 771.2500 708.2500
67 0.265880 784.6875 398.8125 905.1250 518.9688
69 0.214034 694.3750 187.5625 1275.0000 711.0000
72 0.112408 693.3750 185.3750 1272.0000 707.5000
68 0.101586 694.3750 186.7500 1278.5000 710.7500
67 0.100169 781.9375 399.6875 945.5000 664.2500
F 115 4
0 0.936521 786.2500 271.0000 1279.2500 712.3750
72 0.800692 234.5000 103.0000 768.2500 708.7500
72 0.245809 691.5000 183.5000 1273.5000 709.2500
69 0.132964 691.5000 183.6250 1268.0000 712.2500
F 116 4
0 0.943345 784.5000 271.3750 1279.3750 712.8750
72 0.746140 234.5000 100.7500 771.5000 708.5000
72 0.287767 693.3750 187.0000 1273.7500 707.7500
67 0.148044 784.1875 396.6250 903.2812 519.9062
F 117 5
0 0.940790 785.2500 269.6250 1279.1250 712.1250
72 0.759223 236.0000 97.7500 778.7500 708.5000
72 0.198685 694.6250 183.3750 1270.7500 709.2500
67 0.125062 784.1250 398.7500 903.2500 519.0312
69 0.109708 695.3750 186.3125 1272.5000 712.5000
F 118 5
0 0.935113 782.5000 269.8750 1279.6250 712.0000
72 0.737159 238.6250 93.2500 766.0000 708.5000
69 0.187132 694.2500 186.8750 1274.5000 711.5000
67 0.127650 784.3125 389.8750 953.1875 667.2500
67 0.104476 784.6875 377.4375 1029.0000 676.3750
F 119 6
0 0.929438 784.7500 269.8750 1279.6250 712.1250
72 0.747616 232.7500 94.7500 773.0000 709.5000
67 0.208179 782.5000 398.8750 943.3125 662.7500
69 0.140339 692.2500 183.2500 1270.0000 711.5000
72 0.137072 692.1250 182.7500 1271.0000 707.0000
67 0.102302 784.0625 398.5625 904.1250 520.2188
F 120 4
0 0.936521 784.0000 269.0000 1279.5000 712.1250
72 0.812868 234.5000 100.2500 767.5000 709.0000
69 0.177812 693.7500 185.8750 1274.5000 711.5000
72 0.149036 693.3750 183.6250 1271.7500 708.2500
F 121 4
0 0.934157 782.0000 271.2500 1279.6250 711.3750
72 0.702530 237.3750 95.0000 770.0000 708.7500
67 0.247988 784.2500 399.8125 899.8125 520.1562
67 0.188323 782.1250 400.3750 946.1875 681.8750
F 122 4
0 0.926035 786.2500 270.5000 1279.5000 711.8750
72 0.771842 235.2500 100.5000 768.7500 708.5000
72 0.253860 693.1250 181.1250 1268.5000 708.5000
67 0.161319 784.9375 393.6875 901.3125 519.5000
F 123 6
0 0.940136 785.2500 269.6250 1279.3750 712.2500
72 0.627952 235.5000 95.0000 783.0000 708.2500
72 0.163980 693.5000 185.0000 1272.7500 707.2500
67 0.108947 784.1250 398.1250 907.3750 519.1875
67 0.103022 782.8125 398.9375 951.9375 664.3750
69 0.100875 694.1250 187.5000 1274.7500 711.2500
F 124 3
0 0.938126 786.5000 270.2500 1279.2500 711.6250
72 0.726425 235.6250 92.2500 777.2500 708.2500
72 0.196826 694.7500 184.1250 1272.2500 706.7500
F 125 5
0 0.920793 783.7500 270.5000 1280.0000 711.6250
72 0.787931 237.5000 97.5000 769.7500 707.5000
72 0.160791 694.2500 181.5000 1272.2500 707.7500
69 0.124636 696.0000 182.8750 1275.0000 711.0000
67 0.109708 784.4375 394.1250 907.0312 518.5625
F 126 3
0 0.940573 781.7500 271.7500 1280.0000 711.5000
72 0.767687 233.8750 97.0000 767.2500 708.0000
72 0.188323 690.7500 181.8750 1273.0000 707.7500
F 127 6
0 0.933432 785.0000 271.3750 1279.6250 711.5000
72 0.717012 235.7500 96.0000 777.0000 708.7500
72 0.161849 692.3750 180.2500 1273.7500 707.7500
67 0.141284 784.7500 397.4375 905.9688 520.4375
67 0.122521 783.7500 398.1875 944.5000 666.2500
69 0.110090 693.1250 184.1875 1277.2500 711.7500
F 128 6
0 0.925499 787.0000 271.2500 1279.2500 711.6250
72 0.752012 236.6250 94.2500 780.2500 708.5000
69 0.214034 698.5000 188.6250 1274.7500 709.7500
67 0.189521 783.5000 399.1250 934.3750 702.6250
67 0.159216 784.1875 399.3125 902.4062 521.2812
68 0.140339 697.7500 185.8750 1272.0000 707.2500
F 129 6
0 0.931211 782.0000 270.6250 1279.8750 711.1250
72 0.702530 234.1250 93.5000 773.7500 708.7500
69 0.247988 695.8750 185.8125 1275.5000 710.7500
67 0.165593 785.0000 395.8750 899.5938 520.4375
67 0.160265 783.1250 397.2500 935.7500 698.8750
68 0.148044 694.8750 184.2500 1273.7500 707.2500
F 130 4
0 0.944789 785.5000 269.7500 1279.2500 711.5000
72 0.672331 236.3750 90.5000 779.0000 709.0000
69 0.171063 694.8750 186.6250 1278.2500 710.0000
72 0.125920 694.2500 183.6250 1274.2500 706.7500
F 131 4
0 0.936521 785.5000 269.6250 1279.2500 712.3750
72 0.801936 236.2500 98.2500 775.2500 708.5000
72 0.175540 693.7500 185.1250 1270.0000 708.5000
69 0.164516 694.2500 183.5000 1269.2500 713.5000
F 132 5
0 0.934875 786.2500 270.6250 1279.2500 712.2500
72 0.766291 236.1250 97.0000 771.2500 708.5000
72 0.120439 694.3750 183.7500 1273.7500 707.7500
67 0.112799 784.5000 395.7500 898.7812 519.6875
69 0.111244 695.2500 186.6250 1276.7500 712.2500
F 133 3
0 0.938801 785.0000 270.5000 1279.5000 712.5000
72 0.726425 236.8750 96.5000 774.2500 709.0000
72 0.216012 691.8750 182.6250 1275.5000 708.2500
F 134 5
0 0.924689 784.0000 272.1250 1279.7500 711.8750
72 0.737159 235.1250 91.6250 771.5000 709.0000
67 0.163445 783.4375 399.7500 936.2500 671.6250
72 0.161849 695.1250 185.0000 1269.7500 708.0000
69 0.129842 696.0000 186.2500 1272.7500 712.2500
F 135 5
0 0.935585 786.7500 272.1250 1279.2500 711.8750
72 0.795658 233.2500 102.2500 773.7500 709.0000
72 0.180106 693.6250 185.0000 1271.0000 708.0000
67 0.134777 787.4375 395.0000 916.6562 520.5000
67 0.103022 785.1250 395.0000 950.2812 667.5000
F 136 5
0 0.937214 786.7500 271.1250 1279.1250 711.7500
72 0.707405 238.3750 102.5000 774.5000 709.0000
67 0.146087 784.6250 395.8750 902.3750 519.4375
72 0.142712 693.3750 181.6250 1272.2500 709.2500
69 0.130727 693.6250 183.2500 1274.7500 713.0000
F 137 3
0 0.929181 786.2500 270.5000 1279.5000 712.3750
72 0.786623 234.5000 102.2500 777.5000 709.2500
69 0.183594 693.8750 185.5000 1275.7500 712.7500
F 138 5
0 0.924145 787.0000 269.6250 1279.3750 711.8750
72 0.767687 235.6250 99.0000 771.5000 708.2500
69 0.173850 695.0000 184.3750 1275.2500 711.5000
72 0.145116 694.5000 182.2500 1274.0000 708.0000
67 0.112019 784.3125 394.6875 905.7812 518.9688
F 139 3
0 0.940790 784.2500 271.8750 1280.0000 711.5000
72 0.690977 237.3750 92.7500 771.2500 709.2500
72 0.245086 693.1250 179.8750 1272.7500 707.7500
F 140 4
0 0.939247 787.5000 270.8750 1279.3750 712.2500
72 0.770463 236.0000 93.5000 779.2500 709.7500
72 0.156618 695.3750 185.0000 1270.0000 707.7500
69 0.132066 696.3750 186.4375 1270.0000 711.7500
F 141 4
0 0.935113 785.2500 270.1250 1279.6250 712.2500
72 0.700894 235.8750 97.5000 780.7500 709.2500
72 0.208824 691.6250 180.5000 1271.2500 708.5000
67 0.107438 784.1875 397.2500 899.3750 518.8125
F 142 3
0 0.939690 787.7500 269.7500 1279.2500 711.8750
72 0.710629 236.3750 92.1250 782.2500 708.7500
69 0.177242 695.0000 186.6250 1275.5000 713.0000
F 143 6
0 0.936288 786.5000 270.5000 1279.3750 713.0000
72 0.746140 234.6250 95.7500 781.0000 709.0000
67 0.282988 784.7500 395.3750 902.9375 518.6875
72 0.177812 693.3750 181.8750 1272.5000 708.2500
69 0.132514 694.0000 183.6875 1274.0000 714.0000
41 0.119616 1202.6250 614.2812 1279.3750 720.0000
F 144 3
0 0.934397 787.5000 270.1250 1279.3750 711.8750
72 0.724870 234.3750 93.8750 770.5000 709.0000
69 0.144150 694.5000 185.0625 1276.2500 712.2500
F 145 5
0 0.918483 786.5000 271.0000 1279.2500 712.0000
72 0.705785 236.8750 90.5000 773.0000 709.2500
69 0.181842 694.3750 183.2500 1269.0000 712.2500
67 0.137535 784.5625 395.4375 910.2812 518.4062
72 0.109708 693.5000 180.7500 1268.7500 708.7500
F 146 4
0 0.922762 787.7500 270.6250 1279.3750 711.8750
72 0.767687 234.3750 101.0000 774.0000 708.5000
69 0.167220 694.0000 183.5000 1270.5000 714.5000
72 0.143190 692.7500 182.5000 1269.7500 709.7500
F 147 9
0 0.930960 787.0000 270.5000 1279.3750 712.1250
72 0.759223 235.0000 97.1250 771.2500 708.7500
67 0.297470 786.1875 394.0625 901.6875 519.4062
41 0.181262 1202.9375 614.4688 1279.5625 718.4688
41 0.124210 1142.3125 613.2812 1279.7344 717.5938
67 0.119200 786.0625 393.1250 937.7812 664.2500
56 0.118791 707.7500 125.6719 894.1250 198.4375
69 0.112408 696.0000 183.7500 1271.0000 712.0000
40 0.103022 1142.8750 613.1406 1279.4062 717.3750
F 148 4
0 0.940354 786.5000 270.3750 1279.3750 712.1250
72 0.791821 237.6250 94.5000 773.7500 709.0000
72 0.216674 691.7500 181.0000 1273.5000 706.7500
69 0.134777 692.8750 182.7500 1275.5000 711.0000
F 149 5
0 0.940354 786.2500 270.3750 1279.3750 712.2500
72 0.764889 236.3750 100.8750 773.5000 708.7500
67 0.245086 787.2500 396.0000 941.1250 659.8125
67 0.206894 790.0625 394.6562 909.6250 519.6250
68 0.121685 692.3750 184.2500 1274.2500 708.5000
F 150 3
0 0.936055 786.7500 270.0000 1279.3750 712.0000
72 0.767687 234.2500 93.2500 777.7500 708.5000
72 0.151027 695.3750 183.8750 1275.5000 707.5000
F 151 4
0 0.933916 785.0000 270.0000 1279.3750 711.8750
72 0.737159 237.7500 91.0000 768.0000 708.7500
69 0.200558 692.7500 183.1250 1269.5000 711.0000
72 0.125920 692.8750 184.0000 1270.7500 707.5000
F 152 4
0 0.933916 784.7500 270.8750 1279.5000 712.0000
72 0.771842 235.6250 97.5000 771.5000 708.7500
69 0.144150 694.1250 186.6250 1274.7500 713.0000
72 0.127650 693.5000 184.0000 1272.7500 708.5000
F 153 4
0 0.931959 784.5000 271.6250 1279.3750 711.2500
72 0.824460 234.7500 97.2500 766.5000 709.0000
67 0.188323 788.7500 394.6562 905.9375 521.1250
69 0.169958 695.0000 185.7500 1275.5000 714.0000
F 154 4
0 0.933916 785.0000 271.5000 1279.3750 711.5000
72 0.743169 236.7500 93.8750 763.7500 709.7500
69 0.208824 693.7500 185.1250 1270.7500 710.5000
67 0.200558 787.5000 399.6562 905.1250 525.0625
F 155 4
0 0.938577 784.7500 271.7500 1279.3750 712.0000
72 0.746140 235.8750 93.0000 768.5000 709.0000
69 0.135691 694.8750 184.6875 1278.5000 714.5000
68 0.119200 694.6250 182.2500 1276.5000 709.5000
F 156 4
0 0.939469 779.7500 270.8750 1279.6250 712.1250
72 0.731057 237.7500 93.1250 763.7500 709.0000
67 0.290980 786.4688 396.9375 909.8438 561.3750
69 0.137999 695.3750 186.5625 1278.2500 712.5000
F 157 4
0 0.928146 778.5000 269.3750 1279.6250 711.7500
72 0.707405 237.2500 93.2500 770.0000 708.7500
67 0.336331 785.4375 397.6250 902.4062 559.8750
69 0.237932 696.2500 184.0000 1264.7500 712.2500
F 158 4
0 0.932453 781.2500 270.1250 1279.3750 712.1250
72 0.737159 237.7500 91.5000 770.7500 710.0000
72 0.169407 694.5000 181.0000 1272.5000 708.7500
69 0.157653 694.8750 182.8750 1276.0000 713.0000
F 159 4
0 0.935113 776.2500 270.6250 1279.6250 712.3750
72 0.785308 234.2500 96.2500 763.0000 709.0000
67 0.209470 784.7812 406.8125 902.9688 562.1562
72 0.171063 692.6250 183.0000 1277.0000 710.5000
F 160 5
0 0.929181 776.7500 270.8750 1279.5000 711.8750
72 0.793106 235.7500 99.5000 765.2500 709.0000
67 0.249447 784.4375 409.6875 901.4375 562.1562
72 0.154056 696.5000 184.6250 1267.7500 708.7500
69 0.118383 696.5000 187.5000 1269.2500 709.5000
F 161 3
0 0.937671 775.2500 269.8750 1279.3750 712.8750
72 0.806853 233.2500 95.7500 768.0000 708.7500
69 0.121268 696.2500 183.0000 1271.2500 711.7500
F 162 5
0 0.932453 771.2500 272.0000 1280.0000 712.2500
72 0.747616 234.2500 94.8750 762.0000 708.7500
69 0.132514 693.8750 184.2500 1275.7500 710.5000
56 0.125920 707.6250 124.9062 893.7500 198.3125
67 0.107438 787.0000 408.9375 896.8750 572.4375
F 163 3
0 0.935585 770.0000 272.6250 1280.0000 711.3750
72 0.759223 236.3750 100.5000 759.7500 708.5000
67 0.206894 785.0938 408.8750 906.2188 571.5625
F 164 5
0 0.930456 770.0000 272.5000 1280.0000 711.8750
72 0.782663 233.2500 98.5000 761.7500 709.5000
69 0.161319 693.6250 183.8750 1275.7500 711.5000
67 0.126782 777.8125 415.9375 950.9375 690.3750
67 0.125920 786.6875 414.2500 901.4688 574.1875
F 165 3
0 0.936288 768.0000 271.8750 1280.0000 711.7500
72 0.762068 234.5000 96.7500 758.2500 708.5000
56 0.137072 706.1250 126.3438 893.6875 200.7656
F 166 3
0 0.932944 765.3750 272.1250 1279.7500 711.2500
72 0.743169 239.0000 93.1250 760.0000 709.5000
69 0.191327 697.5000 185.2500 1270.0000 709.7500
F 167 4
0 0.937899 766.1250 271.3750 1280.0000 712.1250
72 0.694303 234.7500 93.0000 762.7500 708.7500
67 0.183594 784.0625 414.9688 904.1250 579.8750
67 0.140339 777.2500 416.3125 947.2500 693.2500
F 168 5
0 0.931211 767.7500 271.0000 1279.3750 711.8750
72 0.842865 235.5000 96.0000 758.2500 708.7500
67 0.334589 778.6875 415.5000 921.7500 576.7500
69 0.279829 699.2500 188.2500 1274.2500 711.2500
67 0.191932 775.3750 416.0625 943.6562 696.1250
F 169 5
0 0.918190 768.0000 272.3750 1280.0000 711.6250
72 0.778650 235.1250 95.5000 755.7500 709.0000
67 0.200558 776.0000 418.0000 938.2500 705.2500
67 0.104476 778.5000 416.8125 938.9688 617.2500
69 0.104110 693.5000 189.0625 1275.5000 713.2500
F 170 5
0 0.915205 768.5000 272.1250 1279.8750 711.2500
72 0.791821 235.8750 97.7500 756.7500 708.5000
69 0.201185 691.0000 185.0625 1277.7500 713.5000
67 0.188323 783.8125 412.0625 899.6250 584.8125
67 0.152031 775.9375 413.7500 946.2500 686.7500
F 171 7
0 0.943968 762.2500 271.1250 1279.7500 711.2500
72 0.757793 234.5000 97.0000 756.5000 708.5000
67 0.226785 786.8750 418.0625 929.1250 576.3750
67 0.203075 779.0625 417.8750 944.8750 699.2500
68 0.185947 695.7500 184.0000 1273.5000 707.0000
69 0.153547 696.2500 186.0000 1271.7500 709.0000
67 0.107438 791.5000 414.9688 899.5938 548.3750
F 172 5
0 0.944585 766.8750 274.7500 1280.0000 711.6250
72 0.796925 234.6250 98.2500 758.5000 708.5000
67 0.216012 778.1875 418.5625 940.8750 668.6250
67 0.205615 781.0625 418.4375 936.7500 580.7500
72 0.101943 697.3750 187.3750 1273.5000 710.7500
F 173 4
0 0.933916 763.5000 273.6250 1280.0000 711.6250
72 0.762068 234.1250 95.7500 758.5000 709.0000
67 0.310694 788.5938 419.5000 931.2500 586.3125
69 0.104476 696.0000 187.1875 1278.5000 712.7500
F 174 5
0 0.922204 766.5000 272.2500 1279.8750 710.8750
72 0.735642 236.1250 96.2500 758.7500 708.2500
67 0.396068 774.2500 416.5625 940.8750 695.7500
67 0.250913 779.2500 416.3125 927.8750 579.3750
69 0.112799 696.2500 186.4375 1274.2500 711.0000
F 175 4
0 0.937443 766.2500 273.3750 1279.8750 712.1250
72 0.767687 236.3750 97.5000 756.2500 708.0000
67 0.205615 778.0625 415.8125 898.2188 576.1250
67 0.196826 776.8125 419.1875 948.8750 704.3750
F 176 5
0 0.929693 766.7500 274.0000 1280.0000 712.1250
72 0.740176 236.2500 103.2500 756.5000 709.0000
67 0.279829 784.6250 417.6250 942.1250 680.5000
67 0.184767 786.9375 416.7500 940.3750 581.1250
69 0.147553 696.2500 189.4375 1275.2500 713.2500
F 177 6
0 0.941007 768.5000 272.0000 1280.0000 711.8750
72 0.767687 237.1250 102.5000 759.7500 707.7500
67 0.314050 774.6875 416.0000 946.9375 697.6250
67 0.267409 783.0000 413.8125 899.1562 586.9375
69 0.174975 691.6250 187.4375 1277.2500 713.7500
68 0.123363 691.8750 186.3750 1279.2500 711.2500
F 178 5
0 0.936521 765.2500 269.2500 1280.0000 711.8750
72 0.718594 236.5000 90.0000 759.5000 709.2500
67 0.345105 780.3125 414.4375 903.4375 579.4375
69 0.228158 695.3750 182.7500 1275.0000 711.5000
67 0.193147 779.8750 414.8125 931.1875 644.9375
F 179 5
0 0.934875 764.6250 273.1250 1279.7500 711.6250
72 0.774583 233.0000 98.2500 755.7500 709.0000
67 0.190723 785.4688 417.1875 940.1250 604.8750
67 0.175540 779.7500 417.0000 944.5625 698.1250
67 0.115165 793.1562 414.9375 904.8438 553.1875
F 180 5
0 0.927097 769.2500 277.0000 1279.3750 713.0000
72 0.834406 237.7500 100.7500 761.7500 707.5000
69 0.183594 694.2500 191.1250 1272.2500 712.5000
67 0.141284 783.7500 425.1250 937.1250 578.4375
67 0.106691 774.8125 425.1875 948.0000 694.8750
F 181 6
0 0.944174 764.5000 272.7500 1280.0000 711.0000
72 0.805633 237.1250 101.5000 761.7500 709.2500
67 0.249447 773.4375 417.1875 945.1875 710.0000
67 0.217337 783.9375 413.0625 905.8438 579.0625
69 0.130727 695.7500 186.6250 1278.5000 712.0000
68 0.103746 696.1250 185.0000 1278.7500 710.2500
F 182 6
0 0.932699 763.2500 274.2500 1280.0000 711.6250
72 0.680879 233.7500 97.7500 759.0000 708.5000
67 0.290980 789.1875 416.3125 930.2500 581.1875
67 0.193147 783.6250 416.4375 942.1250 644.8750
68 0.160265 697.2500 184.8750 1272.2500 709.0000
69 0.144150 697.6250 187.1875 1275.7500 712.0000
F 183 4
0 0.935821 765.5000 275.0000 1280.0000 711.6250
72 0.799442 236.3750 103.5000 756.5000 708.2500
67 0.235111 775.1250 417.6875 944.5625 700.3750
69 0.108568 695.2500 189.5000 1273.2500 712.2500
F 184 5
0 0.930203 767.2500 274.3750 1280.0000 712.6250
72 0.777300 236.1250 95.2500 763.0000 710.2500
67 0.352202 774.1875 420.2500 946.5625 697.2500
68 0.203075 696.0000 186.2500 1273.7500 709.2500
69 0.190723 695.2500 186.8750 1272.0000 713.5000
F 185 4
0 0.937443 766.5000 273.7500 1280.0000 711.5000
72 0.660173 236.0000 89.5000 757.2500 708.5000
67 0.129401 777.1875 418.2500 951.4375 696.7500
67 0.100875 781.8750 416.5938 910.6250 583.4375
F 186 6
0 0.946597 763.3750 274.7500 1279.7500 711.0000
72 0.793106 235.0000 96.7500 755.0000 708.2500
67 0.153041 787.2500 414.0625 898.4062 584.3750
67 0.131172 781.6250 418.1250 940.6875 606.4375
69 0.128961 697.5000 188.8125 1277.7500 710.7500
67 0.107438 776.8750 417.8750 947.6250 698.3750
F 187 3
0 0.930709 768.0000 274.8750 1280.0000 711.3750
72 0.763481 238.2500 99.5000 757.2500 708.7500
69 0.212069 696.6250 188.8750 1274.2500 711.2500
F 188 5
0 0.931211 766.2500 273.7500 1279.1250 712.2500
72 0.806853 235.2500 98.2500 758.2500 708.7500
67 0.476580 786.6875 416.5625 938.8750 581.3125
67 0.190723 784.3750 416.3750 941.1250 675.6250
69 0.159740 697.5000 183.6250 1262.5000 709.7500
F 189 5
0 0.932453 768.0000 274.5000 1280.0000 711.7500
72 0.777300 235.3750 99.0000 758.5000 708.5000
67 0.218669 776.3750 417.5625 945.2500 695.0000
67 0.161319 781.3125 417.1250 931.8125 578.6875
69 0.113977 693.6250 185.7500 1279.2500 714.2500
F 190 5
0 0.935585 766.8750 274.8750 1280.0000 711.1250
72 0.786623 236.6250 100.5000 758.5000 709.0000
67 0.409221 777.9375 418.5625 950.8750 688.7500
62 0.200558 696.8750 185.7500 1274.0000 709.8750
67 0.135691 787.4375 417.3750 901.8125 583.3125
F 191 7
0 0.933675 768.7500 273.6250 1280.0000 712.1250
72 0.749087 234.8750 98.0000 755.0000 709.0000
67 0.191932 777.6875 420.0625 951.1875 690.7500
69 0.137072 694.1250 183.8750 1277.2500 713.0000
62 0.130727 694.8750 181.0000 1272.7500 711.0000
68 0.121685 693.5000 182.2500 1271.0000 710.5000
67 0.100875 782.6875 419.3750 907.0781 579.5000
F 192 4
0 0.937214 766.7500 272.6250 1280.0000 711.6250
72 0.769078 236.5000 95.2500 757.2500 708.2500
67 0.265880 773.2500 417.1250 946.0625 702.3750
69 0.157653 693.1250 184.5625 1277.2500 714.5000
F 193 5
0 0.942715 768.0000 274.8750 1280.0000 712.2500
72 0.794385 233.0000 100.5000 757.5000 709.1250
67 0.265880 781.0000 419.0000 949.5625 701.0000
65 0.129401 774.5625 417.5000 949.8750 697.8750
72 0.115563 695.5000 184.6250 1274.0000 709.5000
F 194 6
0 0.927360 769.2500 272.5000 1279.2500 712.3750
72 0.791821 234.8750 98.2500 756.5000 708.7500
67 0.264358 787.1562 418.0625 935.0000 583.9062
69 0.173850 696.0000 186.5000 1268.7500 712.5000
67 0.113583 792.5625 416.3750 901.1250 529.1875
68 0.110474 695.2500 185.1250 1271.2500 709.0000
F 195 3
0 0.920221 766.2500 273.3750 1280.0000 711.8750
72 0.731057 235.6250 91.7500 753.7500 709.7500
69 0.198685 693.7500 185.6250 1275.2500 712.7500
F 196 5
0 0.923591 768.0000 272.8750 1280.0000 711.3750
72 0.713831 232.8750 99.0000 757.5000 708.8750
67 0.160265 776.7500 419.8750 947.1875 698.8750
69 0.150527 694.6250 186.8750 1273.5000 712.7500
72 0.111244 694.2500 184.1250 1270.0000 708.5000
F 197 6
0 0.934875 767.7500 276.1250 1280.0000 711.8750
72 0.783988 235.5000 99.2500 758.5000 708.7500
67 0.236519 784.6250 421.8750 904.7500 575.6250
67 0.194367 776.6250 422.8125 947.8750 702.5000
67 0.144150 786.0625 424.1875 940.9219 634.0000
69 0.108568 696.5000 187.7500 1265.5000 711.7500
F 198 5
0 0.935113 767.2500 275.6250 1280.0000 711.5000
72 0.808068 236.6250 100.5000 756.0000 708.0000
67 0.210767 783.7500 416.8750 908.6875 580.1250
69 0.144633 695.7500 190.4375 1277.5000 711.2500
67 0.132964 779.1250 417.6250 940.4375 637.1250
F 199 4
0 0.930456 769.0000 272.0000 1280.0000 711.8750
72 0.735642 236.7500 87.1250 758.5000 709.5000
69 0.115165 697.1250 185.5625 1269.5000 712.0000
67 0.111244 782.6875 414.0000 883.8281 563.9375
F 200 6
0 0.934637 767.8750 275.3750 1280.0000 711.6250
72 0.811677 236.0000 103.7500 762.2500 709.0000
67 0.409221 774.9375 421.3750 947.8125 693.5000
67 0.149036 787.3750 420.5000 908.5312 566.5625
69 0.139399 694.0000 186.3750 1278.0000 713.7500
67 0.103022 783.8750 421.1250 941.9375 592.1250
F 201 4
0 0.939247 768.0000 279.2500 1280.0000 711.8750
72 0.747616 235.3750 99.7500 758.0000 708.5000
67 0.200558 781.2500 420.6250 944.9375 591.8438
67 0.159216 778.8750 420.7500 949.5000 697.6250
F 202 3
0 0.943553 766.2500 272.6250 1280.0000 711.8750
72 0.756356 236.5000 93.0000 763.2500 710.0000
67 0.132964 773.2500 415.0625 944.3125 706.5000
F 203 6
0 0.928665 763.7500 273.0000 1280.0000 711.6250
72 0.789233 233.7500 90.2500 761.5000 708.5000
69 0.167220 700.3750 185.6875 1276.5000 714.2500
67 0.164516 796.4375 419.6250 947.8438 686.0000
67 0.150029 794.6875 417.6875 944.1250 588.1875
67 0.120027 798.2812 417.2500 880.3281 581.5000
F 204 5
0 0.937443 768.5000 276.1250 1280.0000 711.7500
72 0.796925 234.6250 103.2500 760.2500 708.2500
67 0.163445 779.6250 421.1250 947.5625 704.3750
69 0.111631 698.2500 189.4375 1278.7500 713.5000
67 0.110474 785.6250 419.6875 904.9375 571.5000
F 205 6
0 0.941653 767.2500 276.3750 1280.0000 711.2500
72 0.796925 235.8750 96.6250 759.5000 709.5000
67 0.205615 782.6875 419.6250 945.8125 700.5000
67 0.142234 787.8750 419.7500 944.5625 620.3750
67 0.105209 791.5000 417.4375 907.4062 580.4375
69 0.100169 697.1250 187.0625 1276.0000 712.7500
F 206 5
0 0.932944 769.2500 272.3750 1280.0000 711.3750
72 0.727975 234.0000 97.7500 759.2500 708.7500
67 0.190723 776.3750 417.8125 940.5625 708.1250
67 0.169958 781.1250 416.8125 914.1875 576.7500
69 0.100522 692.6250 184.8750 1275.0000 713.5000
F 207 4
0 0.933916 773.5000 272.5000 1279.5000 712.5000
72 0.821044 233.5000 98.5000 757.7500 709.0000
69 0.148044 696.1250 185.9375 1271.7500 712.2500
72 0.147063 695.2500 182.3750 1270.5000 709.0000
F 208 3
0 0.941223 772.5000 274.2500 1279.3750 712.5000
72 0.727975 235.8750 99.5000 757.7500 708.7500
67 0.112019 783.1250 415.7500 931.9375 579.8750
F 209 7
0 0.941438 766.3750 274.5000 1279.7500 711.0000
72 0.762068 237.0000 99.0000 762.5000 708.7500
67 0.196826 780.7500 416.2500 947.0625 696.2500
69 0.190723 698.1250 185.0625 1278.2500 712.0000
67 0.184767 791.6875 414.3750 907.6250 573.8125
68 0.143190 696.6250 183.6250 1276.2500 708.7500
67 0.133868 788.5000 415.6875 944.4375 602.4375
F 210 4
0 0.926833 766.2500 273.6250 1279.8750 711.0000
72 0.818738 234.5000 102.2500 756.5000 709.0000
69 0.208179 694.2500 188.7500 1269.7500 710.7500
67 0.104476 771.5000 416.7500 946.7500 697.8750
F 211 6
0 0.930456 772.7500 277.0000 1279.2500 712.5000
72 0.827826 235.2500 99.5000 760.5000 709.5000
69 0.167220 698.7500 187.5000 1264.5000 711.7500
72 0.146574 699.0000 186.3750 1268.0000 708.2500
67 0.125920 780.1250 419.5000 901.8125 565.8750
67 0.122521 771.9375 422.1875 947.3125 708.1250
F 212 4
0 0.934157 767.2500 276.0000 1280.0000 713.0000
72 0.791821 235.0000 96.2500 757.7500 708.7500
67 0.264358 774.6250 418.4375 949.3125 698.2500
69 0.214034 695.5000 185.8750 1272.5000 712.5000
F 213 4
0 0.938801 765.5000 273.0000 1280.0000 712.1250
72 0.762068 235.1250 100.2500 757.0000 708.7500
67 0.155076 781.1250 417.0000 927.4688 583.0625
69 0.118383 693.5000 186.2500 1272.5000 713.2500
F 214 4
0 0.924689 768.7500 272.5000 1280.0000 711.6250
72 0.777300 237.1250 92.8750 765.2500 709.2500
69 0.206254 698.7500 186.6875 1264.0000 710.7500
67 0.130284 772.2500 416.9375 955.8750 693.0000
F 215 6
0 0.932453 767.7500 276.2500 1280.0000 711.5000
72 0.770463 236.0000 98.2500 753.2500 708.2500
69 0.193756 695.5000 187.0000 1273.7500 712.0000
67 0.181262 774.7500 419.2500 944.5625 707.1250
67 0.120027 784.3125 417.9375 936.3438 581.5000
68 0.100169 696.0000 185.3750 1273.0000 710.7500
F 216 5
0 0.941007 768.2500 275.2500 1280.0000 712.0000
72 0.762068 234.3750 96.5000 760.5000 708.5000
65 0.135691 771.5625 421.0000 947.6875 707.6250
67 0.114371 775.1250 420.4375 946.5625 700.6250
69 0.107064 695.0000 185.0000 1271.0000 713.2500
F 217 7
0 0.934875 765.8750 273.8750 1280.0000 711.5000
72 0.727975 237.1250 91.2500 757.5000 709.2500
67 0.181262 782.8750 418.1875 945.8750 683.2500
69 0.160265 694.2500 182.2500 1268.5000 714.0000
72 0.159740 693.6250 179.7500 1271.5000 709.5000
67 0.146087 787.1250 417.2188 935.9375 580.8125
65 0.134777 772.3125 417.7500 947.0000 693.1250
F 218 6
0 0.934157 766.7500 275.3750 1280.0000 712.6250
72 0.764889 235.0000 99.5000 758.2500 709.0000
69 0.216674 697.2500 186.6250 1265.7500 712.7500
67 0.115963 776.8125 419.5000 948.0000 700.8750
68 0.101586 697.6250 184.7500 1266.5000 711.2500
65 0.100875 772.0000 418.7500 947.0625 706.5000
F 219 6
0 0.926568 768.2500 276.6250 1280.0000 712.6250
72 0.763481 236.1250 100.2500 760.5000 708.2500
67 0.245086 776.5000 418.3125 948.3125 698.0000
69 0.134777 696.6250 187.4375 1277.5000 711.7500
62 0.110090 699.2500 182.7500 1277.0000 710.6250
65 0.100875 771.6250 418.6250 948.1250 705.0000
F 220 4
0 0.926035 772.0000 271.8750 1279.3750 711.8750
72 0.694303 238.8750 92.2500 760.2500 710.0000
72 0.130284 697.2500 184.5000 1272.2500 709.7500
69 0.129401 697.7500 186.1250 1274.2500 713.2500
F 221 4
0 0.939247 768.7500 272.3750 1279.3750 712.7500
72 0.759223 236.7500 93.2500 757.0000 708.7500
69 0.109327 692.8750 182.8750 1277.5000 716.0000
67 0.100169 773.5000 420.3125 945.6875 707.2500
F 222 4
0 0.929948 768.7500 274.7500 1280.0000 711.2500
72 0.811677 235.7500 103.7500 761.7500 708.0000
67 0.195594 789.4375 421.1875 904.4375 568.5000
69 0.104842 698.7500 187.6875 1277.2500 712.7500
F 223 4
0 0.931959 768.2500 274.0000 1280.0000 712.7500
72 0.660173 238.5000 95.0000 761.0000 709.5000
67 0.123363 777.5625 416.6250 954.8750 692.2500
62 0.123363 699.1250 185.2500 1277.2500 711.7500
F 224 6
0 0.932453 769.2500 274.8750 1279.8750 711.7500
72 0.775945 234.6250 91.2500 757.2500 708.5000
67 0.242207 778.1250 415.8750 947.3125 687.1250
67 0.201813 784.1562 415.9375 939.8125 582.3750
69 0.165593 698.8750 184.8125 1277.2500 710.7500
68 0.127650 698.2500 183.0000 1274.0000 707.7500
F 225 5
0 0.939916 765.5000 277.0000 1279.7500 711.3750
72 0.774583 234.6250 100.0000 760.5000 708.7500
67 0.199308 783.1250 420.5000 943.6875 604.6875
62 0.171063 698.3750 185.2500 1276.2500 711.5000
67 0.164516 777.7500 419.8125 947.1875 692.2500
F 226 6
0 0.936055 766.1250 276.8750 1280.0000 711.0000
72 0.756356 233.7500 101.5000 755.0000 709.0000
67 0.140339 786.0312 418.8750 933.6875 580.9375
62 0.116765 694.6250 182.5000 1278.0000 710.6250
69 0.115165 693.3750 185.3750 1279.0000 713.2500
68 0.100875 693.0000 182.8750 1276.2500 709.5000
F 227 3
0 0.936521 766.7500 275.3750 1279.6250 712.2500
72 0.603932 238.5000 99.2500 760.5000 708.5000
67 0.153041 790.0625 417.3125 923.0625 581.9375
F 228 4
0 0.947771 764.8750 272.8750 1280.0000 711.3750
72 0.709020 234.3750 95.5000 760.2500 708.7500
67 0.428234 779.4375 418.0625 946.1875 693.6250
69 0.169958 697.1250 185.3750 1276.0000 713.0000
F 229 7
0 0.942080 764.2500 277.0000 1280.0000 711.5000
72 0.803174 233.8750 94.2500 756.0000 708.2500
67 0.176673 793.9688 433.0625 878.9375 568.5625
69 0.134777 696.5000 189.3750 1275.7500 712.7500
72 0.129842 696.2500 186.7500 1272.0000 709.5000
67 0.112799 795.8125 443.2500 867.4062 552.3125
68 0.110474 696.8750 188.2500 1276.7500 711.0000
F 230 5
0 0.942715 765.3750 278.8750 1279.7500 712.5000
72 0.798187 235.6250 105.7500 758.0000 709.0000
67 0.226785 774.5625 423.5625 951.1250 696.6250
62 0.107814 696.5000 187.5000 1275.0000 710.6250
67 0.103746 792.4688 425.0625 879.0938 576.8125
F 231 5
0 0.923591 762.7500 276.3750 1280.0000 711.8750
72 0.822188 233.1250 99.0000 755.2500 709.0000
67 0.339827 770.5625 420.6875 946.3125 701.1250
67 0.210767 780.5000 419.2812 916.6250 581.6250
69 0.199308 698.3750 188.0625 1274.2500 711.2500
F 232 5
0 0.925230 763.5000 277.0000 1279.8750 712.1250
72 0.809277 232.5000 105.2500 756.5000 709.0000
67 0.200558 783.2500 422.9375 941.6250 583.5000
68 0.128523 695.5000 185.0000 1275.7500 709.0000
69 0.118383 696.5000 187.1250 1278.5000 710.7500
F 233 6
0 0.930960 762.0000 276.0000 1280.0000 711.8750
72 0.764889 236.3750 98.5000 762.2500 708.2500
67 0.262841 785.3125 422.2500 933.5938 588.1875
67 0.161319 794.4062 423.5000 898.6875 585.4375
68 0.157135 700.3750 187.2500 1272.0000 710.0000
69 0.103022 701.2500 189.3750 1270.7500 714.2500
F 234 3
0 0.943968 757.2500 277.3750 1280.0000 712.0000
72 0.741675 235.7500 100.7500 751.2500 708.5000
67 0.131172 787.2188 425.0625 940.4375 583.5625
F 235 6
0 0.930960 760.0000 275.5000 1279.8750 711.7500
72 0.735642 237.3750 92.0000 753.2500 709.5000
67 0.144150 776.3750 425.8750 950.3125 694.3750
67 0.130284 788.5625 424.2188 930.6562 585.6875
62 0.109708 697.7500 187.5000 1275.7500 710.2500
67 0.100875 799.1250 435.0625 905.0000 584.6875
F 236 3
0 0.939469 755.3750 276.5000 1280.0000 711.5000
72 0.795658 234.3750 97.7500 755.2500 708.5000
67 0.116765 779.1875 426.1875 945.6875 594.4688
F 237 3
0 0.937671 755.1250 277.6250 1280.0000 711.5000
72 0.763481 236.2500 98.5000 756.5000 708.7500
67 0.228158 786.6875 424.7500 935.2500 589.9375
F 238 3
0 0.923039 756.2500 274.7500 1279.6250 712.0000
72 0.718594 236.5000 90.7500 760.0000 710.5000
67 0.235111 795.9688 424.6875 940.5625 588.2812
F 239 4
0 0.948157 754.5000 274.7500 1280.0000 711.6250
72 0.690977 236.1250 94.7500 754.0000 708.2500
67 0.145116 796.2500 447.6875 869.5469 593.7500
67 0.113583 792.3125 446.7500 896.8125 588.0625
F 240 5
0 0.948540 752.5000 275.7500 1279.7500 711.8750
72 0.777300 235.1250 101.5000 755.2500 708.7500
67 0.187132 793.5625 426.0625 923.7500 590.0625
68 0.157135 697.1250 186.7500 1270.0000 708.7500
62 0.105209 698.1250 184.5000 1276.0000 710.0000
F 241 3
0 0.929438 752.2500 274.5000 1280.0000 711.2500
72 0.729520 233.1250 102.0000 755.5000 709.0000
67 0.322526 796.6875 428.3750 911.2500 591.2500
F 242 5
0 0.948348 753.3750 274.1250 1280.0000 711.2500
72 0.798187 234.8750 96.5000 758.0000 709.0000
67 0.233709 782.6250 426.9375 913.2812 591.2500
68 0.159216 700.7500 182.0000 1274.2500 709.0000
67 0.135691 770.7500 429.5000 947.1250 708.0000
F 243 6
0 0.949297 749.7500 275.6250 1280.0000 711.5000
72 0.764889 233.7500 98.0000 753.7500 708.1250
67 0.264358 800.4375 431.4375 920.8125 591.3750
67 0.127650 797.8750 431.3750 952.0625 705.6250
62 0.114371 698.6250 187.7500 1275.0000 710.2500
56 0.109708 706.7188 126.0469 893.7500 198.4062
F 244 5
0 0.935113 750.7500 276.0000 1280.0000 711.1250
72 0.735642 236.1250 90.8750 757.2500 709.7500
68 0.112799 694.1250 187.6250 1272.7500 708.0000
67 0.106691 789.0625 443.2500 946.6250 693.8750
69 0.104110 695.6250 189.0625 1276.5000 712.2500
F 245 5
0 0.943553 749.7500 276.1250 1280.0000 711.0000
72 0.753466 233.0000 98.5000 755.7500 709.0000
67 0.108190 790.1250 431.9375 933.9062 590.8125
69 0.107814 699.5000 185.1250 1278.7500 712.0000
68 0.105948 700.0000 183.6250 1276.7500 708.5000
F 246 4
0 0.929438 753.5000 276.5000 1280.0000 712.0000
72 0.740176 236.1250 100.7500 752.7500 708.5000
67 0.171063 795.4375 433.9375 935.6250 591.6562
63 0.130284 798.0000 373.4375 1090.2500 554.7500
F 247 6
0 0.945196 748.7500 275.7500 1280.0000 710.7500
72 0.709020 239.1250 90.5000 753.7500 710.0000
67 0.147063 800.4062 449.4375 867.3438 593.4375
67 0.147063 798.2188 440.4375 931.7500 591.5938
67 0.138464 798.9688 440.5000 888.5938 590.5625
69 0.120439 698.6250 187.0625 1277.7500 710.5000
F 248 3
0 0.926568 752.0000 275.6250 1280.0000 711.3750
72 0.754914 233.8750 95.2500 752.7500 708.7500
69 0.123363 696.7500 187.9375 1275.5000 711.7500
F 249 5
0 0.946200 750.1250 276.0000 1280.0000 710.7500
72 0.759223 235.0000 101.0000 753.7500 708.2500
67 0.213377 798.0625 436.8438 932.1562 592.7500
67 0.129401 794.2500 437.0625 946.1562 701.2500
69 0.129401 694.1250 187.5625 1277.2500 710.5000
F 250 5
0 0.943136 749.6250 276.7500 1280.0000 710.8750
72 0.746140 238.2500 95.1250 757.0000 710.0000
72 0.117977 701.0000 185.3750 1273.7500 708.0000
67 0.103746 802.0938 454.6094 864.7031 546.3750
69 0.103022 702.0000 186.5625 1277.0000 709.5000
F 251 4
0 0.942080 753.2500 275.5000 1280.0000 711.8750
72 0.644224 237.7500 101.2500 753.5000 708.2500
68 0.165593 697.7500 184.6250 1273.0000 707.0000
69 0.140339 697.8750 187.1250 1277.0000 710.7500
F 252 4
0 0.945196 748.8750 276.1250 1280.0000 710.8750
72 0.799442 235.8750 100.0000 751.2500 708.2500
69 0.119200 695.6250 187.4375 1272.2500 709.7500
67 0.100875 797.5625 453.4375 866.1406 598.2500
F 253 4
0 0.942926 749.7500 277.5000 1280.0000 712.2500
72 0.734120 232.3750 98.5000 753.7500 709.5000
67 0.146087 797.6875 434.1562 920.5625 590.3125
67 0.119200 795.6875 436.5000 950.7812 698.1250
F 254 3
0 0.941653 750.3750 277.5000 1280.0000 711.8750
72 0.746140 236.7500 97.2500 753.7500 708.0000
67 0.110474 801.0938 452.3438 867.3125 596.1875
F 255 4
0 0.948157 748.5000 276.8750 1280.0000 710.7500
72 0.799442 232.7500 102.2500 750.2500 708.5000
67 0.152031 796.7500 431.7812 920.4688 593.2500
63 0.122521 800.7500 372.5625 1074.5000 525.5000
F 256 3
0 0.945398 749.3750 277.6250 1280.0000 711.5000
72 0.754914 233.6250 96.5000 755.2500 709.0000
67 0.126782 798.3750 432.5625 921.2812 591.8750
F 257 3
0 0.936055 752.7500 277.6250 1280.0000 712.7500
72 0.707405 235.6250 103.0000 754.0000 709.0000
67 0.160265 801.0625 432.6875 933.6250 591.5625
F 258 3
0 0.934397 753.7500 274.6250 1279.8750 712.3750
72 0.717012 236.1250 101.0000 755.5000 708.0000
67 0.178956 802.2500 430.3125 919.2812 590.3125
F 259 5
0 0.941438 751.8750 276.3750 1280.0000 711.0000
72 0.735642 232.3750 95.0000 754.5000 709.1250
67 0.226785 797.5312 432.6875 940.5000 592.1562
56 0.114767 708.2500 124.4219 893.0000 197.6875
67 0.112799 800.4375 430.6250 946.3750 692.3750
F 260 3
0 0.946991 751.6250 277.3750 1280.0000 711.2500
72 0.811677 235.5000 103.0000 753.0000 709.0000
69 0.107064 698.1250 186.5625 1279.2500 708.7500
F 261 4
0 0.938801 754.0000 277.3750 1280.0000 711.8750
72 0.763481 236.3750 101.5000 754.2500 708.2500
67 0.132066 798.8438 446.8750 867.7031 597.7500
56 0.125920 705.5000 127.4375 892.5625 201.8281
F 262 4
0 0.950962 752.7500 275.1250 1280.0000 712.3750
72 0.702530 238.3750 91.1250 757.7500 709.5000
68 0.147063 700.5000 185.7500 1276.5000 710.2500
67 0.112799 788.3125 425.1250 904.7344 587.3125
F 263 2
0 0.940790 753.1250 275.8750 1280.0000 711.3750
72 0.697608 232.2500 99.2500 755.2500 709.3750
F 264 4
0 0.946000 752.6250 279.6250 1279.7500 711.8750
72 0.804406 233.1250 107.7500 753.0000 709.0000
63 0.148044 802.2500 374.6562 1068.5625 523.6250
67 0.119200 791.0625 431.3125 910.7812 590.0000
F 265 3
0 0.944789 753.5000 276.8750 1280.0000 711.6250
72 0.723309 239.0000 98.2500 755.0000 709.7500
72 0.108190 700.1250 183.6250 1271.2500 709.7500
F 266 5
0 0.939247 751.3750 275.2500 1280.0000 711.5000
72 0.767687 234.5000 90.7500 751.7500 708.2500
67 0.250913 794.0625 426.4688 904.9844 589.3125
68 0.176673 698.5000 184.7500 1271.7500 709.0000
69 0.130284 698.0000 186.1875 1275.5000 710.2500
F 267 2
0 0.933432 756.2500 278.6250 1280.0000 711.7500
72 0.759223 237.3750 99.5000 754.0000 708.5000
F 268 6
0 0.941867 754.0000 278.1250 1280.0000 710.8750
72 0.743169 233.7500 104.2500 755.0000 709.3750
67 0.150029 789.1250 426.9375 904.0469 585.0000
67 0.148044 804.1562 427.7500 896.7500 550.1250
62 0.138464 697.8750 186.7500 1276.7500 710.3750
69 0.117572 698.6250 189.6875 1278.2500 712.7500
F 269 5
0 0.909904 760.0000 276.8750 1280.0000 712.1250
72 0.831142 234.8750 99.0000 751.7500 708.7500
67 0.129401 778.4375 426.5000 906.7500 585.4375
69 0.107064 697.5000 187.1875 1277.7500 712.2500
68 0.102302 697.8750 186.3750 1278.2500 711.0000
F 270 4
0 0.931711 757.3750 277.2500 1280.0000 711.5000
72 0.811677 236.3750 101.0000 754.0000 708.7500
62 0.126782 698.0000 183.5000 1278.2500 710.8750
67 0.100875 797.8750 431.3125 903.5938 546.8125
F 271 6
0 0.936288 756.7500 277.6250 1280.0000 710.5000
72 0.778650 232.6250 103.0000 758.0000 709.2500
67 0.203075 783.6875 427.0000 940.5625 583.8438
63 0.151027 796.7500 373.3750 1077.3750 534.6875
67 0.132066 776.7500 427.8125 946.0625 693.7500
69 0.118791 700.0000 189.1875 1278.7500 712.7500
F 272 7
0 0.943136 755.5000 277.0000 1279.7500 712.0000
72 0.770463 233.8750 94.5000 757.2500 708.7500
67 0.246534 785.2812 426.0000 940.8750 579.1250
69 0.103746 699.0000 186.7500 1277.2500 711.5000
67 0.102302 766.7500 425.8750 949.3125 704.6250
67 0.101586 799.0000 431.7500 902.0625 580.1875
68 0.100875 698.1250 184.1250 1274.7500 709.5000
F 273 6
0 0.941007 756.8750 276.5000 1279.7500 712.2500
72 0.734120 236.0000 97.5000 753.7500 708.0000
67 0.143190 788.7500 423.6875 942.0938 597.8125
62 0.127650 698.8750 186.0000 1277.0000 710.5000
67 0.117572 797.4375 423.2500 943.3438 684.8750
69 0.106691 698.1250 189.2500 1276.5000 712.5000
F 274 4
0 0.928665 760.5000 278.1250 1279.6250 711.8750
72 0.798187 234.1250 94.0000 758.5000 709.0000
67 0.174412 775.5000 423.0000 948.3125 682.8750
67 0.104476 802.4688 424.3125 904.9062 548.5000
F 275 7
0 0.938801 756.7500 277.0000 1279.7500 711.1250
72 0.775945 235.0000 101.0000 755.0000 708.2500
67 0.126782 782.8125 425.8750 949.5000 691.0000
62 0.122102 697.6250 185.7500 1275.0000 710.5000
67 0.113583 796.9375 423.5312 928.7500 585.0000
69 0.105578 697.5000 188.5000 1278.0000 711.2500
67 0.105209 799.9062 423.8438 904.6562 552.6875
F 276 4
0 0.934157 761.7500 277.2500 1279.3750 712.6250
72 0.720171 238.5000 100.7500 756.0000 708.7500
67 0.233709 792.0625 422.7500 926.0938 585.3750
67 0.187132 797.0938 423.4375 904.5312 554.5000
F 277 5
0 0.928665 762.0000 276.5000 1280.0000 712.3750
72 0.720171 238.1250 90.1250 761.5000 709.7500
67 0.134777 796.6875 426.0000 909.0000 551.8125
67 0.130284 793.0625 422.5938 926.0312 585.1875
62 0.122942 699.3750 185.7500 1277.2500 710.6250
F 278 5
0 0.921077 764.2500 278.2500 1280.0000 712.2500
72 0.795658 236.2500 98.2500 761.5000 709.0000
67 0.299106 783.5625 423.9375 941.1875 586.2812
69 0.157135 700.0000 187.7500 1267.2500 712.7500
67 0.105948 792.9688 423.4375 904.0938 568.3750
F 279 5
0 0.909904 769.0000 274.7500 1280.0000 711.6250
72 0.754914 236.1250 100.7500 761.2500 708.2500
69 0.181842 699.0000 187.5625 1265.7500 710.5000
67 0.120853 799.0938 420.9375 901.5000 577.7500
67 0.106691 780.6250 422.1250 949.7500 691.5000
F 280 6
0 0.932699 761.0000 274.0000 1279.7500 711.0000
72 0.718594 231.8750 93.7500 764.5000 709.1250
67 0.350421 789.1875 415.8750 899.9375 561.6250
68 0.262841 698.8750 186.0000 1270.2500 708.2500
67 0.188323 778.6875 417.1875 945.8750 616.8750
69 0.137999 699.2500 187.5625 1275.2500 709.7500
F 281 5
0 0.926302 767.7500 278.3750 1280.0000 712.1250
72 0.814053 235.3750 102.5000 764.2500 708.7500
67 0.302392 783.5000 420.7500 948.3125 690.5000
67 0.217337 793.1250 419.1875 930.3438 587.1875
67 0.152031 794.8438 421.4062 904.4062 548.1875
F 282 4
0 0.941007 762.7500 277.3750 1280.0000 712.3750
72 0.773215 236.3750 100.2500 757.7500 707.7500
62 0.191327 696.6250 185.0000 1271.7500 711.7500
67 0.104476 789.9375 419.0000 937.6562 582.4375
F 283 4
0 0.930203 765.7500 275.1250 1279.8750 712.3750
72 0.756356 236.6250 89.5000 756.7500 710.0000
67 0.191932 789.5312 415.9375 912.8125 580.5000
69 0.145601 697.1250 187.8125 1278.5000 711.5000
F 284 5
0 0.938577 766.0000 276.0000 1280.0000 712.5000
72 0.713831 235.2500 94.3750 763.5000 709.7500
67 0.250913 774.7500 416.6250 948.0625 692.2500
69 0.122521 694.5000 183.3125 1277.2500 710.5000
67 0.102302 791.6250 415.0000 903.4688 548.8125
F 285 4
0 0.929693 766.7500 275.1250 1280.0000 712.1250
72 0.781331 237.8750 92.1250 756.5000 708.7500
69 0.137535 696.7500 185.2500 1274.7500 708.5000
68 0.106691 696.6250 181.6250 1272.2500 708.0000
F 286 6
0 0.937671 767.7500 277.5000 1280.0000 712.2500
72 0.778650 235.6250 94.7500 758.2500 709.0000
67 0.221350 779.5625 418.4375 954.8125 698.0000
67 0.117572 794.2812 415.1250 886.8281 573.2500
69 0.115165 695.5000 187.3125 1277.7500 713.2500
67 0.112019 789.6875 417.3125 942.9375 606.7500
F 287 5
0 0.935349 771.2500 277.6250 1279.5000 712.3750
72 0.752012 235.7500 101.0000 760.0000 709.0000
67 0.152031 794.9062 426.5625 868.7344 566.6875
69 0.122102 698.1250 187.7500 1275.2500 712.0000
68 0.121685 698.2500 184.0000 1271.5000 709.5000
F 288 3
0 0.913367 772.5000 276.8750 1280.0000 711.7500
72 0.808068 234.6250 99.0000 761.2500 709.2500
69 0.165593 697.5000 185.5000 1272.2500 714.2500
F 289 4
0 0.932453 770.2500 277.3750 1280.0000 712.1250
72 0.744657 235.0000 97.2500 767.2500 709.2500
67 0.168858 784.3750 417.4375 894.2812 566.3125
69 0.166676 693.5000 190.6250 1267.0000 712.5000
F 290 5
0 0.936055 771.7500 277.5000 1280.0000 712.2500
72 0.817577 232.7500 99.2500 764.2500 708.5000
67 0.379378 790.6875 416.8750 905.8750 559.9688
69 0.156103 694.0000 185.3750 1273.0000 713.7500
72 0.109327 695.1250 184.7500 1273.2500 709.0000
F 291 3
0 0.934875 771.7500 277.7500 1280.0000 712.5000
72 0.752012 235.6250 101.0000 756.2500 708.7500
69 0.113977 696.1250 189.6875 1277.5000 711.5000
F 292 5
0 0.925768 775.0000 276.2500 1280.0000 712.2500
72 0.759223 238.1250 91.0000 778.2500 710.5000
69 0.166134 696.7500 183.8750 1266.7500 712.5000
67 0.164516 788.5000 415.6875 908.9688 562.9375
72 0.148542 696.3750 184.1250 1269.5000 709.0000
F 293 5
0 0.936521 773.1250 278.0000 1279.7500 712.1250
72 0.746140 233.2500 94.7500 765.7500 709.0000
67 0.155076 788.8750 422.3125 898.9375 566.6875
72 0.118383 694.5000 185.1250 1270.2500 708.5000
67 0.113583 791.0000 430.8125 869.0625 562.5625
F 294 4
0 0.935585 778.0000 277.2500 1280.0000 712.3750
72 0.767687 235.6250 95.5000 772.2500 709.2500
69 0.163445 696.8750 183.9375 1273.2500 713.7500
72 0.131618 697.5000 181.2500 1270.2500 710.5000
F 295 5
0 0.935349 778.5000 274.6250 1279.1250 712.3750
72 0.732591 234.8750 90.8750 768.7500 709.7500
72 0.141759 698.6250 183.3750 1272.7500 709.2500
69 0.137999 698.1250 186.0625 1275.2500 711.7500
41 0.132066 1198.7188 616.6250 1279.3125 718.5938
F 296 4
0 0.932453 782.2500 276.1250 1279.3750 712.2500
72 0.754914 233.3750 95.7500 767.5000 708.5000
68 0.139399 693.3750 180.6250 1278.0000 710.7500
69 0.132964 693.0000 181.3125 1278.0000 711.2500
F 297 3
0 0.935821 778.2500 277.3750 1279.7500 711.7500
72 0.778650 234.1250 98.7500 761.7500 709.0000
69 0.152535 694.3750 187.7500 1278.0000 712.2500
F 298 4
0 0.942080 783.5000 276.8750 1279.1250 712.8750
72 0.713831 238.3750 88.2500 772.5000 709.2500
72 0.157653 692.6250 180.7500 1275.2500 706.7500
69 0.129401 692.1250 183.5000 1278.2500 709.7500
F 299 4
0 0.936521 780.5000 273.8750 1280.0000 711.6250
72 0.777300 233.7500 92.2500 773.2500 708.5000
69 0.222024 696.3750 181.7500 1274.5000 710.7500
68 0.107438 696.3750 180.8750 1273.0000 709.7500
F 300 4
0 0.931461 781.7500 274.7500 1280.0000 712.2500
72 0.760648 236.0000 94.6250 767.2500 709.0000
69 0.147063 693.0000 185.3750 1275.2500 713.7500
68 0.132066 694.3750 186.2500 1278.7500 711.2500
F 301 3
0 0.936753 784.0000 277.8750 1279.6250 712.5000
72 0.746140 236.8750 93.3750 762.0000 708.7500
72 0.152031 692.1250 181.2500 1275.2500 709.2500
F 302 4
0 0.933916 783.5000 275.8750 1280.0000 712.2500
72 0.771842 234.6250 97.7500 772.0000 708.0000
72 0.221350 692.3750 184.0000 1273.5000 707.0000
69 0.110858 692.2500 184.6250 1272.0000 712.2500
F 303 5
0 0.935821 786.0000 275.2500 1279.3750 712.2500
72 0.782663 234.3750 92.5000 778.2500 709.2500
67 0.131172 787.3750 398.7500 941.0000 662.7500
72 0.128961 696.1250 182.1250 1273.7500 708.5000
69 0.112799 695.7500 184.4375 1275.5000 713.5000
F 304 4
0 0.935113 784.2500 277.8750 1280.0000 712.3750
72 0.702530 237.7500 98.2500 774.7500 709.0000
67 0.195594 787.1250 404.4375 911.4062 523.9062
72 0.120853 695.1250 184.7500 1273.0000 708.5000
F 305 4
0 0.929693 784.5000 275.6250 1280.0000 712.5000
72 0.775945 233.6250 102.5000 771.5000 708.5000
72 0.147553 694.6250 185.1250 1270.2500 707.5000
67 0.119200 789.2500 400.5000 942.9062 659.7500
F 306 7
0 0.941007 786.5000 276.2500 1280.0000 711.8750
72 0.774583 236.1250 99.5000 777.0000 708.0000
69 0.188323 692.7500 183.6250 1272.7500 712.7500
72 0.177242 693.5000 182.7500 1270.5000 706.2500
67 0.145116 789.5000 397.0000 940.2500 660.0000
41 0.128086 1201.4688 618.1875 1278.9688 719.0312
67 0.103746 788.4375 396.1875 907.5312 520.2500
F 307 3
0 0.939469 785.7500 274.8750 1279.3750 712.6250
72 0.699254 238.1250 93.0000 771.2500 709.7500
72 0.259824 695.0000 183.1250 1269.2500 707.7500
F 308 4
0 0.937214 787.0000 273.0000 1279.3750 712.7500
72 0.766291 233.6250 91.5000 775.0000 708.2500
69 0.124210 698.2500 183.4375 1269.5000 712.0000
72 0.111244 698.2500 181.3750 1269.5000 707.5000
F 309 4
0 0.935349 784.5000 275.3750 1280.0000 711.8750
72 0.774583 233.3750 99.0000 765.7500 708.5000
69 0.152535 692.0000 183.6250 1270.2500 714.5000
72 0.134777 692.6250 179.8750 1272.5000 708.7500
F 310 4
0 0.941007 788.0000 275.8750 1279.3750 713.0000
72 0.709020 239.1250 93.7500 770.5000 708.5000
72 0.166134 696.1250 185.7500 1271.5000 708.7500
67 0.117572 791.3750 397.1562 905.2500 521.0000
F 311 4
0 0.940573 786.7500 272.2500 1279.2500 712.6250
72 0.626125 234.5000 94.7500 786.2500 709.0000
69 0.174975 698.1250 186.5625 1270.7500 711.7500
72 0.101230 697.2500 185.1250 1269.7500 707.7500
F 312 6
0 0.930709 787.0000 272.1250 1279.6250 712.8750
72 0.754914 233.8750 89.6250 773.2500 708.7500
40 0.322526 788.2812 395.2500 943.1875 705.6250
69 0.166134 694.7500 186.1875 1272.0000 712.2500
68 0.110474 694.7500 185.5000 1276.5000 710.0000
72 0.110090 693.5000 183.8750 1273.2500 708.0000
F 313 4
0 0.938577 787.5000 276.3750 1279.6250 712.1250
72 0.724870 236.3750 100.2500 770.7500 708.7500
56 0.185947 709.0312 127.3750 894.3750 201.6875
67 0.107438 787.0625 402.8125 900.2188 521.8125
F 314 5
0 0.939916 788.2500 272.6250 1279.3750 712.7500
72 0.744657 236.8750 99.1250 781.0000 709.5000
72 0.147553 697.2500 185.3750 1273.2500 709.7500
68 0.126782 697.8750 186.3750 1276.2500 712.0000
69 0.100522 698.6250 187.1250 1273.0000 714.2500
F 315 4
0 0.940136 787.5000 271.3750 1279.5000 712.1250
72 0.773215 234.1250 101.5000 769.2500 708.2500
69 0.137535 694.2500 182.9375 1268.2500 711.0000
67 0.120853 787.4375 395.7500 949.7500 671.6250
F 316 6
0 0.927885 784.5000 275.8750 1279.6250 711.6250
72 0.826710 236.3750 104.3750 777.5000 709.2500
72 0.140811 695.2500 185.6250 1271.7500 707.5000
67 0.140339 789.5625 397.1250 912.4062 531.5000
69 0.132514 694.5000 186.6250 1266.7500 712.7500
41 0.113190 1207.1875 620.4688 1279.5781 719.0000
F 317 3
0 0.935349 788.0000 274.0000 1279.3750 712.5000
72 0.692642 235.8750 101.2500 767.0000 708.0000
69 0.129842 697.6250 186.8125 1272.7500 713.5000
F 318 5
0 0.927623 788.2500 270.2500 1279.2500 712.3750
72 0.775945 236.7500 94.2500 764.7500 709.2500
69 0.222700 694.7500 181.0000 1262.5000 712.5000
67 0.203075 785.8125 392.1250 951.6875 664.7500
67 0.107438 788.6250 386.0938 924.1250 517.4375
F 319 4
0 0.941438 787.5000 272.6250 1279.3750 713.0000
72 0.718594 236.6250 92.5000 778.2500 708.0000
69 0.108568 696.6250 184.3750 1276.5000 712.2500
56 0.105948 707.7500 124.7969 894.0000 197.3438
F 320 4
0 0.940573 785.5000 273.5000 1279.6250 712.5000
72 0.762068 232.6250 103.7500 768.7500 707.7500
67 0.133868 785.4375 395.5625 944.2500 662.6250
69 0.115165 695.6250 188.1250 1273.2500 712.2500
F 321 3
0 0.944174 785.0000 273.1250 1280.0000 712.2500
72 0.815233 235.5000 107.5000 778.0000 708.0000
72 0.213377 693.8750 182.5000 1273.0000 708.5000
F 322 3
0 0.941438 782.5000 270.8750 1280.0000 711.5000
72 0.752012 235.1250 90.5000 774.2500 709.5000
72 0.112019 694.5000 182.6250 1271.7500 708.0000
F 323 4
0 0.940136 785.0000 273.3750 1280.0000 712.0000
72 0.806853 235.7500 99.7500 775.2500 708.7500
72 0.167764 697.3750 184.5000 1274.5000 710.2500
67 0.130284 787.1250 393.0625 948.1250 662.6250
F 324 3
0 0.942292 787.5000 272.6250 1279.5000 712.5000
72 0.779993 234.2500 104.7500 770.2500 708.0000
72 0.125490 694.3750 179.8750 1273.5000 708.7500
F 325 6
0 0.943136 786.7500 271.2500 1279.1250 712.3750
72 0.729520 235.6250 93.3750 776.2500 708.2500
72 0.158173 696.3750 184.6250 1272.5000 707.0000
67 0.147063 788.3125 394.9375 946.7500 659.7500
67 0.140339 787.0000 395.7500 907.1875 517.1250
69 0.128086 696.0000 183.6250 1271.2500 712.5000
F 326 5
0 0.932207 786.5000 273.8750 1280.0000 712.2500
72 0.756356 236.1250 99.7500 775.0000 708.5000
72 0.190121 695.6250 183.5000 1274.5000 708.2500
40 0.118383 787.4062 396.6250 947.4375 713.0000
69 0.100522 694.0000 182.1250 1275.5000 714.0000
F 327 3
0 0.942292 787.0000 272.3750 1279.6250 712.5000
72 0.794385 238.6250 101.6250 780.0000 709.2500
72 0.185356 692.8750 186.0000 1275.2500 709.7500
F 328 4
0 0.941867 786.0000 270.8750 1279.3750 712.7500
72 0.680879 236.5000 94.3750 766.7500 709.7500
72 0.163980 693.3750 180.5000 1273.2500 707.7500
69 0.113977 692.5000 180.8750 1271.0000 712.0000
F 329 4
0 0.942715 788.0000 269.3750 1279.3750 712.3750
72 0.798187 235.3750 95.5000 773.5000 708.7500
72 0.178956 695.5000 183.0000 1271.5000 708.5000
69 0.126350 696.2500 182.3750 1268.2500 712.7500
F 330 5
0 0.946200 786.2500 269.8750 1279.3750 712.7500
72 0.763481 235.8750 98.1250 778.7500 709.0000
69 0.154056 697.6250 186.5625 1276.0000 711.7500
72 0.111631 696.5000 185.3750 1273.7500 707.7500
67 0.100169 791.1250 391.3750 957.0938 692.5000
F 331 4
0 0.941438 785.2500 272.0000 1279.8750 712.2500
72 0.718594 238.6250 98.2500 774.2500 708.5000
67 0.150029 788.6875 393.1875 955.0625 662.3750
72 0.134777 693.7500 184.5000 1274.7500 708.5000
F 332 5
0 0.939469 785.5000 271.5000 1279.2500 712.2500
72 0.775945 235.8750 101.0000 765.5000 708.2500
72 0.163980 694.6250 183.3750 1268.0000 706.0000
67 0.120853 788.2500 392.3125 945.6250 667.7500
69 0.120853 695.1250 185.1250 1269.2500 708.7500
F 333 4
0 0.939025 786.5000 271.5000 1279.2500 712.5000
72 0.834406 234.1250 101.2500 776.2500 708.7500
72 0.178956 691.0000 181.2500 1270.5000 707.5000
69 0.133868 691.5000 180.5000 1267.0000 712.7500
F 334 3
0 0.946597 785.0000 272.5000 1279.8750 712.6250
72 0.744657 236.1250 88.7500 775.2500 710.0000
72 0.101943 692.5000 180.3750 1277.7500 709.7500
F 335 5
0 0.932944 787.0000 271.1250 1279.0000 712.6250
72 0.757793 233.7500 90.7500 774.2500 709.2500
65 0.173290 786.8125 405.5000 942.4375 653.2500
72 0.160265 696.2500 185.5000 1272.7500 707.5000
69 0.125920 697.6250 187.0000 1275.5000 709.7500
F 336 4
0 0.932944 785.7500 270.8750 1279.3750 712.8750
72 0.808068 236.7500 95.7500 772.5000 709.5000
72 0.214034 693.2500 184.6250 1270.0000 706.7500
69 0.100522 693.2500 185.5000 1267.5000 712.0000
F 337 6
0 0.940573 784.5000 272.8750 1280.0000 711.7500
72 0.766291 236.2500 98.3750 778.0000 709.7500
41 0.176105 1204.9375 617.7188 1279.4688 719.0938
69 0.158173 692.2500 181.3750 1273.5000 712.0000
72 0.122942 692.3750 180.2500 1274.5000 707.5000
40 0.107438 785.5625 397.5000 935.8750 708.0000
F 338 5
0 0.945196 785.5000 269.3750 1279.6250 712.5000
72 0.753466 236.5000 95.0000 785.2500 709.0000
69 0.133416 699.7500 180.8750 1261.0000 711.2500
40 0.117572 787.0000 396.6250 942.9062 668.1250
72 0.110858 701.7500 182.2500 1265.2500 707.7500
F 339 6
0 0.922762 787.2500 270.1250 1279.1250 711.7500
72 0.717012 231.8750 94.3750 774.0000 708.5000
67 0.341582 786.9375 393.9375 938.0938 659.5000
72 0.136610 693.7500 182.7500 1265.7500 706.7500
69 0.133416 693.7500 184.2500 1262.0000 711.7500
67 0.131172 785.8125 394.1875 902.2188 518.7500
F 340 3
0 0.935585 787.2500 273.6250 1279.3750 712.8750
72 0.759223 235.3750 96.0000 769.7500 709.0000
72 0.176673 693.5000 185.5000 1278.5000 709.2500
F 341 5
0 0.938352 787.7500 271.3750 1279.1250 712.1250
72 0.699254 234.5000 101.1250 775.5000 708.0000
67 0.276691 789.4375 398.5625 947.5000 659.7500
72 0.171063 693.1250 182.5000 1275.2500 707.2500
67 0.114371 789.1250 398.8125 905.8750 517.5000
F 342 5
0 0.930456 785.7500 269.1250 1279.2500 712.7500
72 0.760648 234.5000 98.2500 773.7500 709.5000
67 0.267409 784.6875 389.3125 944.0625 655.2500
69 0.261330 696.0000 183.3125 1274.2500 709.2500
67 0.147063 785.0625 391.8750 905.1875 516.3438
F 343 6
0 0.933432 783.2500 270.8750 1279.8750 711.7500
72 0.727975 237.3750 86.8750 771.5000 709.2500
67 0.182423 786.2500 393.0625 945.5000 658.5000
72 0.144150 692.8750 179.8750 1273.2500 708.7500
67 0.120853 785.5000 394.3125 907.1875 516.0938
69 0.112408 693.7500 182.1875 1274.5000 712.5000
F 344 3
0 0.943553 785.2500 270.6250 1279.5000 712.7500
72 0.766291 236.0000 102.7500 773.7500 708.2500
72 0.294215 692.7500 182.0000 1271.0000 707.0000
F 345 6
0 0.938126 785.0000 268.1250 1279.2500 712.5000
72 0.668880 238.2500 90.8750 774.2500 708.5000
69 0.173850 693.0000 182.2500 1273.2500 710.5000
72 0.151528 692.3750 182.3750 1275.2500 707.0000
67 0.125920 784.8125 396.6250 948.5000 667.8750
67 0.104476 787.9062 396.2812 906.3750 515.3125
F 346 6
0 0.932944 784.7500 267.6250 1279.1250 712.2500
72 0.744657 234.6250 90.5000 776.2500 709.0000
67 0.201813 785.3750 397.5000 951.3750 664.8750
67 0.155076 787.8750 396.2188 906.8906 528.3750
72 0.152535 695.5000 185.0000 1266.2500 707.5000
69 0.132964 697.2500 186.8125 1269.7500 710.5000
F 347 7
0 0.931959 786.0000 270.0000 1279.3750 712.3750
72 0.741675 233.8750 100.0000 780.7500 708.2500
41 0.302392 1204.9375 618.1562 1279.7188 719.0312
67 0.153041 786.2500 395.6250 935.5938 667.3750
72 0.146087 692.7500 181.8750 1269.5000 707.2500
41 0.116363 1150.8125 616.6172 1279.4062 716.8125
67 0.103746 785.4375 396.8125 909.1250 517.7500
F 348 4
0 0.940790 783.5000 268.6250 1279.2500 711.8750
72 0.783988 235.0000 100.7500 770.2500 708.0000
72 0.240777 692.3750 182.3750 1273.2500 707.2500
69 0.104842 692.6250 183.6875 1273.7500 712.0000
F 349 4
0 0.941438 784.5000 267.7500 1279.3750 712.5000
72 0.737159 234.8750 91.5000 764.5000 710.0000
72 0.299106 692.5000 179.3750 1272.7500 709.5000
40 0.119200 782.7500 394.7500 948.5625 668.1250
F 350 5
0 0.937214 784.5000 268.5000 1279.1250 712.2500
72 0.800692 235.5000 101.5000 778.5000 708.2500
72 0.149036 694.6250 179.8750 1272.5000 707.5000
56 0.116363 707.0625 125.9531 893.6250 199.2500
69 0.106319 694.7500 181.0000 1271.5000 711.7500
F 351 5
0 0.941223 784.0000 267.7500 1279.1250 712.3750
72 0.773215 237.6250 95.7500 779.0000 709.0000
72 0.198064 691.3750 183.8750 1268.5000 707.7500
69 0.135691 692.0000 185.2500 1267.7500 710.5000
67 0.106691 782.6250 397.0000 951.1250 675.8750
F 352 4
0 0.934875 784.2500 266.6250 1279.2500 712.1250
72 0.750553 235.2500 86.7500 780.5000 709.2500
72 0.247260 697.6250 186.1250 1274.0000 707.0000
40 0.117572 782.6875 393.8125 952.3750 682.5000
F 353 4
0 0.943345 784.7500 265.3750 1279.1250 711.8750
72 0.753466 235.3750 97.5000 774.7500 708.7500
69 0.167764 695.2500 184.1250 1263.5000 711.0000
72 0.109327 695.7500 182.3750 1268.5000 707.5000
F 354 4
0 0.939469 782.7500 266.0000 1279.3750 712.1250
72 0.734120 238.3750 99.1250 772.0000 707.7500
72 0.227471 690.7500 179.3750 1270.0000 706.7500
67 0.194367 783.4375 394.2500 905.1875 515.0625
F 355 6
0 0.935821 783.5000 265.8750 1279.0000 711.8750
72 0.694303 235.1250 93.8750 771.0000 708.7500
67 0.233709 782.5000 391.1875 953.3125 675.5000
69 0.156103 693.2500 183.7500 1273.7500 710.2500
67 0.148044 783.1875 392.5625 905.0938 514.5000
72 0.104476 693.0000 182.5000 1273.0000 707.0000
F 356 5
0 0.942926 782.0000 265.0000 1279.3750 711.7500
72 0.775945 237.5000 100.7500 761.7500 708.0000
72 0.202443 691.8750 177.3750 1268.5000 706.7500
69 0.197444 693.0000 182.0000 1265.7500 710.5000
40 0.112019 783.0625 394.5000 938.1875 705.1250
F 357 5
0 0.943136 782.5000 264.1250 1279.2500 711.3750
72 0.775945 235.3750 98.2500 758.0000 708.7500
67 0.165593 783.1250 392.7500 945.6250 656.8750
69 0.138931 691.2500 183.1250 1273.7500 712.0000
72 0.101586 690.6250 181.0000 1275.0000 707.2500
F 358 3
0 0.934397 782.7500 264.6250 1279.1250 711.8750
72 0.660173 239.2500 91.3750 760.7500 709.0000
69 0.104842 693.7500 179.5000 1277.2500 712.7500
F 359 4
0 0.938352 781.5000 264.5000 1279.3750 711.7500
72 0.752012 235.3750 102.7500 761.7500 708.0000
56 0.112408 705.0000 127.2500 893.4375 201.2500
67 0.105209 783.0000 389.5625 947.4375 667.0000
F 360 5
0 0.939469 780.7500 262.5000 1279.3750 712.0000
72 0.822188 236.3750 103.2500 761.0000 709.0000
72 0.149532 690.1250 183.1250 1268.2500 707.0000
67 0.136610 781.6250 384.7500 951.8750 670.2500
69 0.134322 690.5000 183.1250 1266.0000 710.2500
F 361 5
0 0.945196 780.2500 262.2500 1279.3750 711.3750
72 0.777300 235.6250 97.2500 766.0000 709.5000
67 0.190723 781.2500 394.6250 903.7812 515.5312
72 0.188921 694.0000 186.5000 1273.5000 708.0000
67 0.111244 781.1250 392.1250 941.5938 659.3750
F 362 5
0 0.946597 780.2500 263.0000 1279.2500 712.1250
72 0.777300 236.1250 100.5000 764.0000 708.7500
72 0.242207 691.2500 184.3750 1270.7500 708.7500
40 0.129401 781.5000 393.7500 941.5625 659.1250
67 0.100875 781.6250 391.8750 941.5469 665.6250
F 363 5
0 0.941007 780.5000 262.7500 1279.1250 711.6250
72 0.796925 234.7500 106.2500 768.7500 709.0000
67 0.272025 780.5000 392.5625 944.9375 658.2500
72 0.155589 692.7500 182.2500 1269.5000 707.2500
67 0.150029 781.4375 393.3125 901.9062 515.0000
F 364 5
0 0.945196 780.7500 262.2500 1279.1250 711.7500
72 0.689306 236.8750 93.0000 779.5000 709.5000
67 0.245086 778.8750 392.0000 949.5312 689.2500
72 0.181262 691.5000 182.1250 1272.0000 707.7500
56 0.118383 707.8125 125.4844 894.0000 198.0625
F 365 5
0 0.939469 781.0000 261.5000 1279.2500 712.1250
72 0.781331 233.5000 95.2500 765.7500 708.0000
67 0.375706 780.7500 390.4375 943.4688 658.7500
41 0.252384 1204.0938 612.8125 1279.6562 719.1875
72 0.201185 694.7500 185.2500 1276.7500 709.0000
F 366 4
0 0.931959 781.0000 261.2500 1279.0000 712.2500
72 0.818738 236.0000 101.7500 759.0000 709.2500
72 0.235111 688.7500 181.1250 1271.7500 707.7500
69 0.125920 689.7500 183.0000 1271.5000 712.0000
F 367 3
0 0.929948 780.0000 260.0000 1279.3750 711.6250
72 0.729520 237.8750 92.0000 758.7500 709.5000
72 0.196826 691.2500 182.1250 1269.2500 708.2500
F 368 4
0 0.942292 778.0000 260.5000 1279.5000 712.1250
72 0.715424 236.7500 96.5000 765.0000 708.5000
67 0.214692 778.5000 391.9375 942.8125 658.8750
72 0.164516 692.5000 179.5000 1273.5000 707.7500
F 369 5
0 0.935585 779.2500 259.5000 1279.1250 711.8750
72 0.754914 237.1250 97.0000 757.0000 708.5000
72 0.246534 694.1250 181.7500 1275.7500 708.0000
40 0.105948 777.5625 389.5000 945.8750 658.3750
69 0.100522 692.5000 182.2500 1275.0000 713.5000
F 370 3
0 0.934875 780.2500 258.5000 1279.3750 712.0000
72 0.799442 235.5000 102.1250 760.2500 709.2500
72 0.221350 693.1250 177.3750 1269.5000 707.2500
F 371 5
0 0.930709 779.2500 259.0000 1279.1250 712.8750
72 0.812868 237.6250 101.7500 766.5000 708.5000
72 0.259824 690.8750 183.8750 1275.7500 708.7500
67 0.149036 775.3750 389.8750 940.0000 654.0625
67 0.146087 774.6875 392.8750 901.8125 512.2500
F 372 4
0 0.934875 776.5000 257.5000 1279.3750 711.7500
72 0.753466 237.7500 100.0000 763.5000 709.2500
72 0.166676 692.8750 176.2500 1267.0000 707.5000
69 0.155589 692.2500 178.3750 1261.2500 711.7500
F 373 5
0 0.946597 777.5000 256.0000 1279.3750 712.3750
72 0.781331 234.3750 98.2500 768.0000 709.2500
72 0.307358 692.0000 182.6250 1272.7500 708.7500
69 0.123786 692.5000 181.3750 1274.5000 713.5000
67 0.109708 776.1875 390.2500 940.0000 664.8750
F 374 5
0 0.942926 776.7500 256.7500 1279.1250 712.2500
72 0.732591 237.8750 94.5000 757.5000 709.2500
67 0.167764 774.8125 392.2500 939.5625 672.0000
72 0.137072 689.8750 179.8750 1277.5000 709.2500
69 0.116765 690.0000 181.1250 1275.2500 713.2500
F 375 5
0 0.930960 775.0000 256.0000 1279.1250 711.1250
72 0.824460 235.2500 104.2500 754.0000 708.7500
72 0.264358 691.2500 183.5000 1274.7500 709.0000
67 0.187132 773.8750 384.2500 968.9062 670.0000
69 0.150029 691.0000 184.8750 1271.7500 713.0000
F 376 5
0 0.945599 775.0000 256.5000 1279.3750 712.5000
72 0.809277 234.8750 99.0000 759.0000 708.2500
72 0.315735 691.0000 182.8750 1274.7500 709.0000
67 0.182423 774.3750 395.3750 937.0000 697.0000
67 0.122521 776.3750 391.1562 917.9375 545.6875
F 377 4
0 0.938801 774.5000 256.0000 1279.1250 711.6250
72 0.809277 234.2500 101.0000 762.7500 708.0000
72 0.203075 693.2500 183.1250 1274.2500 709.5000
67 0.111244 774.0625 391.6250 938.7188 662.8750
F 378 5
0 0.933916 773.0000 255.5000 1279.2500 712.6250
72 0.726425 232.8750 98.0000 754.7500 708.5000
69 0.168858 693.8750 186.3125 1277.0000 715.2500
72 0.132964 693.6250 184.3750 1277.7500 710.7500
40 0.122521 772.8125 387.2500 940.2812 676.8750
F 379 6
0 0.936288 772.5000 255.7500 1279.6250 712.5000
72 0.732591 237.2500 98.5000 756.5000 709.0000
69 0.131172 692.0000 177.5000 1278.5000 717.5000
72 0.128523 692.3750 173.2500 1278.2500 710.5000
56 0.106319 708.1562 125.9219 893.5000 199.4375
67 0.103022 772.5000 388.2500 937.5000 662.3750
F 380 5
0 0.941438 771.2500 255.0000 1279.5000 711.7500
72 0.735642 233.6250 103.0000 758.2500 708.5000
72 0.176673 692.7500 179.6250 1275.7500 709.2500
67 0.140339 773.6875 391.6875 937.5938 670.0000
67 0.106691 773.6250 392.3750 892.1562 514.7500
F 381 7
0 0.942715 768.5000 254.5000 1279.8750 711.7500
72 0.770463 234.6250 99.2500 758.5000 708.7500
67 0.246534 771.9375 391.3750 935.6875 656.6250
56 0.181842 707.3750 125.7656 893.8750 199.3750
67 0.155076 772.0000 390.8750 900.6875 519.0000
72 0.139869 694.8750 180.8750 1275.0000 709.7500
65 0.109708 770.6250 386.8750 933.6562 656.3125
F 382 5
0 0.942504 769.5000 255.0000 1279.8750 711.8750
72 0.789233 238.6250 98.5000 758.7500 709.2500
72 0.265880 692.6250 183.1250 1274.5000 709.7500
67 0.124210 770.3750 390.7500 939.0938 661.8750
65 0.102302 770.3125 390.3750 937.3125 665.1250
F 383 5
0 0.940354 770.5000 252.7500 1279.3750 711.7500
72 0.804406 235.8750 101.5000 757.5000 708.7500
67 0.394201 771.8750 391.4375 933.4375 661.8750
72 0.167220 692.7500 180.2500 1274.5000 710.0000
67 0.132066 772.0000 391.3125 896.8125 544.1250
F 384 6
0 0.939690 771.2500 252.7500 1279.2500 711.6250
72 0.781331 236.7500 102.0000 756.2500 708.7500
72 0.237932 692.8750 186.2500 1273.5000 710.2500
67 0.195594 770.8750 392.6875 935.9375 662.1250
69 0.146574 693.5000 187.5000 1272.2500 715.5000
56 0.103746 705.6250 126.8125 892.9375 201.0938
F 385 4
0 0.941223 768.2500 254.2500 1279.7500 711.5000
72 0.746140 238.1250 95.5000 755.2500 709.2500
67 0.246534 771.2500 391.5625 936.1250 656.3750
72 0.227471 692.7500 179.5000 1276.2500 710.0000
F 386 4
0 0.945196 770.2500 252.5000 1279.6250 712.1250
72 0.775945 234.7500 98.0000 760.2500 708.5000
72 0.201185 693.7500 181.3750 1275.0000 709.7500
67 0.188323 770.4375 391.3125 939.4688 659.6250
F 387 6
0 0.938352 771.2500 251.7500 1279.2500 711.3750
72 0.778650 235.0000 101.2500 759.0000 708.2500
67 0.373875 772.4375 393.4375 932.8750 655.1250
72 0.245809 690.3750 179.3750 1270.5000 708.2500
67 0.122521 773.2500 388.6875 909.8438 554.5625
67 0.114371 769.8125 395.5625 893.6562 515.5625
F 388 4
0 0.945196 767.7500 251.7500 1279.5000 711.7500
72 0.781331 235.1250 94.5000 755.7500 710.0000
67 0.198064 772.3125 390.9375 938.5938 656.2500
72 0.156618 692.8750 182.7500 1277.2500 709.0000
F 389 3
0 0.942926 770.5000 252.2500 1279.5000 712.1250
72 0.825588 235.1250 98.0000 754.5000 709.0000
72 0.199932 693.8750 183.8750 1270.7500 711.0000
F 390 4
0 0.936753 767.5000 253.5000 1280.0000 712.0000
72 0.809277 235.5000 101.0000 755.0000 707.7500
72 0.233709 694.3750 182.5000 1276.0000 708.7500
67 0.151027 772.0000 391.5625 936.3125 657.2500
F 391 5
0 0.939469 767.5000 251.5000 1279.6250 711.6250
72 0.827826 236.1250 99.7500 755.2500 709.0000
72 0.169407 692.6250 181.6250 1273.0000 709.7500
56 0.121685 707.3125 125.6562 893.3750 199.0625
69 0.109708 692.2500 182.8750 1272.0000 714.2500
F 392 5
0 0.937671 768.5000 252.7500 1279.7500 711.7500
72 0.819894 233.8750 100.2500 756.0000 707.7500
69 0.253860 694.0000 183.1250 1277.0000 713.5000
72 0.188323 694.3750 183.2500 1278.2500 708.7500
67 0.126782 771.8750 392.1875 930.2500 655.1250
F 393 4
0 0.940790 767.2500 251.5000 1279.7500 711.8750
72 0.778650 235.6250 98.2500 753.5000 708.0000
67 0.218669 771.2500 391.2500 932.8750 654.2500
72 0.182423 693.7500 182.1250 1275.5000 710.5000
F 394 6
0 0.940790 768.7500 252.2500 1280.0000 711.5000
72 0.790530 235.1250 96.5000 761.5000 708.7500
72 0.221350 695.1250 182.3750 1268.0000 708.7500
67 0.217337 772.0625 393.3125 934.8750 657.5000
56 0.115165 708.1562 125.7656 893.7500 199.3750
69 0.104842 694.5000 181.3750 1271.2500 716.0000
F 395 4
0 0.941223 767.7500 253.5000 1279.5000 712.5000
72 0.704160 235.5000 101.5000 752.2500 708.5000
67 0.237932 772.1250 393.7500 930.0000 654.1250
72 0.191932 693.3750 183.5000 1278.0000 711.0000
F 396 6
0 0.932699 768.0000 252.7500 1279.7500 711.8750
72 0.781331 236.7500 96.5000 751.7500 709.5000
72 0.180106 695.1250 181.8750 1275.5000 710.0000
67 0.138464 771.7500 391.8750 929.8750 652.7500
56 0.108190 707.6562 126.3594 893.3750 198.4375
69 0.107814 694.2500 183.8750 1274.2500 716.0000
F 397 6
0 0.937214 767.2500 252.5000 1279.5000 711.2500
72 0.721743 234.7500 90.1250 764.2500 708.2500
67 0.258325 769.8750 391.8750 934.5625 658.0000
72 0.174975 694.0000 183.3750 1277.2500 708.7500
67 0.152031 767.5000 392.1875 892.6875 514.7188
69 0.120439 694.0000 183.7500 1274.0000 712.5000
F 398 5
0 0.937214 767.7500 253.0000 1279.7500 711.7500
72 0.793106 235.2500 97.2500 758.5000 708.2500
72 0.172731 692.1250 181.8750 1275.5000 709.7500
69 0.165054 692.0000 181.1250 1274.2500 716.2500
67 0.131172 771.6875 392.0000 935.5625 656.5000
F 399 4
0 0.935113 770.2500 253.0000 1279.3750 712.0000
72 0.834406 237.3750 99.7500 754.5000 708.2500
72 0.197444 692.2500 180.8750 1271.7500 710.2500
67 0.154056 771.8750 395.0000 933.8750 655.8750
F 400 3
0 0.943553 769.0000 253.2500 1279.6250 712.0000
72 0.782663 232.5000 98.2500 754.2500 709.5000
72 0.268943 691.1250 181.6250 1272.2500 708.2500
F 401 4
0 0.943553 768.7500 255.0000 1279.7500 711.8750
72 0.798187 234.2500 100.5000 756.2500 708.2500
72 0.166676 694.6250 180.0000 1273.5000 709.5000
67 0.110474 773.3125 391.3750 936.6250 663.8750
F 402 4
0 0.947964 769.2500 254.2500 1279.6250 712.0000
72 0.786623 234.7500 104.0000 754.7500 708.7500
67 0.210767 773.3125 391.0000 934.4375 655.3750
72 0.147553 692.0000 185.3750 1278.7500 709.0000
F 403 4
0 0.934875 771.0000 254.5000 1279.5000 712.0000
72 0.762068 236.5000 96.2500 758.2500 708.5000
72 0.259824 693.3750 183.2500 1278.5000 710.2500
67 0.200558 773.8750 392.0000 936.6875 656.6250
F 404 3
0 0.938577 771.0000 253.7500 1279.7500 711.8750
72 0.805633 236.3750 101.5000 758.2500 708.0000
72 0.227471 692.8750 181.1250 1265.5000 709.2500
F 405 5
0 0.941007 769.2500 254.7500 1279.8750 712.1250
72 0.774583 235.6250 98.2500 756.0000 708.7500
72 0.228847 693.6250 179.1250 1274.7500 709.5000
67 0.183594 773.6250 392.9375 898.7812 515.4688
67 0.165593 773.2500 392.8125 934.3750 661.3750
F 406 4
0 0.942926 771.5000 256.0000 1279.7500 711.6250
72 0.750553 236.5000 93.2500 765.7500 709.7500
72 0.233010 694.2500 183.7500 1275.7500 708.5000
67 0.171063 773.6250 391.1875 936.8125 668.5000
F 407 4
0 0.948157 770.2500 257.2500 1280.0000 711.6250
72 0.791821 236.2500 103.7500 758.0000 708.0000
72 0.218669 691.2500 182.2500 1270.2500 708.5000
67 0.177812 774.7500 393.3750 938.4375 656.8750
F 408 6
0 0.942504 771.5000 257.5000 1279.8750 711.7500
72 0.760648 236.8750 103.7500 752.2500 708.0000
72 0.267409 691.6250 179.0000 1274.5000 708.7500
67 0.221350 775.1875 390.8750 932.4375 658.5000
67 0.123363 776.8750 391.6875 895.6562 514.2188
65 0.103022 774.4688 391.1250 928.6250 710.7500
F 409 3
0 0.936288 775.0000 257.2500 1279.7500 711.5000
72 0.777300 237.3750 94.5000 758.5000 709.2500
72 0.256831 690.6250 185.6250 1276.0000 709.0000
F 410 6
0 0.933189 774.7500 257.7500 1279.8750 711.7500
72 0.782663 235.6250 102.2500 763.0000 708.2500
67 0.247988 775.3750 390.8438 903.7188 513.2500
72 0.221350 693.0000 184.1250 1275.7500 710.0000
67 0.184767 775.0625 390.8125 933.3125 669.1250
69 0.104476 693.2500 185.0000 1274.7500 715.2500
F 411 4
0 0.938577 774.2500 259.5000 1279.8750 711.3750
72 0.763481 238.5000 101.5000 761.7500 708.5000
72 0.216012 695.3750 183.7500 1276.0000 708.7500
67 0.131172 775.3750 390.6250 941.9062 657.0000
F 412 5
0 0.946000 774.7500 259.7500 1279.8750 711.7500
72 0.726425 235.0000 99.5000 755.7500 709.0000
72 0.212722 690.8750 179.0000 1275.7500 709.2500
67 0.158173 777.9375 390.2812 896.2344 515.5000
67 0.128523 777.1250 389.0000 937.9219 657.7500
F 413 6
0 0.937443 776.5000 259.2500 1279.6250 711.3750
72 0.741675 233.7500 102.2500 762.2500 708.5000
67 0.307358 779.0000 391.3125 941.5625 657.5000
72 0.169407 690.5000 178.5000 1274.5000 708.2500
67 0.141284 779.4375 389.0938 927.1875 556.9375
67 0.138464 779.6250 392.0000 902.9062 513.2812
F 414 3
0 0.934875 776.2500 260.2500 1280.0000 711.1250
72 0.831142 234.3750 103.7500 759.0000 708.5000
72 0.219337 692.6250 184.7500 1274.0000 708.2500
F 415 5
0 0.936288 777.2500 260.7500 1279.6250 711.5000
72 0.764889 235.3750 102.0000 772.5000 709.2500
67 0.209470 778.6250 391.5625 936.1562 658.0000
72 0.137072 690.6250 185.0000 1276.0000 708.2500
67 0.130284 779.1875 391.6875 905.4375 551.8750
F 416 3
0 0.938801 776.7500 260.7500 1279.7500 711.3750
72 0.777300 234.8750 97.0000 760.0000 708.5000
67 0.184767 778.7500 389.8438 902.9375 529.5625
F 417 5
0 0.943968 778.2500 260.7500 1279.7500 711.1250
72 0.825588 236.6250 102.7500 757.2500 708.2500
72 0.299106 690.2500 185.3750 1276.0000 708.2500
67 0.147063 777.8125 394.2500 943.0312 653.2500
69 0.120439 691.2500 185.2500 1275.2500 712.7500
F 418 4
0 0.949859 779.0000 261.7500 1279.3750 711.6250
72 0.749087 234.5000 92.0000 764.2500 709.0000
72 0.214034 690.1250 184.7500 1270.2500 707.5000
67 0.160265 779.6875 392.5000 946.2500 659.1250
F 419 4
0 0.938352 779.0000 262.0000 1280.0000 711.6250
72 0.801936 236.0000 102.0000 759.2500 708.5000
72 0.191327 693.8750 182.6250 1271.0000 709.5000
69 0.102661 693.5000 182.6250 1270.2500 712.7500
F 420 4
0 0.944789 780.2500 262.5000 1279.5000 712.1250
72 0.769078 236.1250 105.5000 764.2500 707.7500
72 0.235111 690.8750 185.1250 1274.7500 706.5000
67 0.124210 779.3125 391.1875 946.0625 654.0000
F 421 4
0 0.941007 779.7500 261.7500 1279.3750 711.8750
72 0.766291 237.1250 98.2500 764.2500 709.0000
72 0.224055 694.7500 181.7500 1271.2500 707.5000
67 0.136610 780.5625 391.5000 941.6562 658.8750
F 422 5
0 0.937671 781.2500 262.7500 1279.2500 711.7500
72 0.794385 235.8750 100.2500 755.7500 708.2500
67 0.187132 781.6250 388.1250 948.5625 657.3750
72 0.178383 693.8750 183.0000 1272.0000 707.2500
69 0.128086 694.2500 185.6250 1267.5000 710.7500
F 423 5
0 0.942715 781.7500 263.2500 1279.3750 711.8750
72 0.700894 239.3750 102.7500 761.0000 708.0000
72 0.305697 689.2500 187.0000 1273.2500 707.0000
67 0.108190 784.3750 388.1875 923.4062 512.0625
40 0.104476 781.5000 392.4375 937.5938 657.3750
F 424 4
0 0.941007 783.0000 263.7500 1279.1250 712.5000
72 0.746140 237.5000 97.6250 783.2500 709.5000
72 0.187132 697.0000 182.7500 1265.7500 708.7500
40 0.104476 780.7500 393.6250 944.1875 659.1250
F 425 4
0 0.939247 782.7500 263.7500 1279.0000 711.5000
72 0.721743 234.1250 99.7500 771.5000 708.2500
56 0.108190 707.6562 125.7656 893.8750 199.1250
72 0.106319 695.0000 182.3750 1274.0000 707.5000
F 426 4
0 0.943136 783.2500 264.7500 1279.2500 712.0000
72 0.757793 236.3750 98.0000 774.7500 709.0000
72 0.261330 692.8750 182.8750 1272.7500 707.5000
67 0.133868 781.4375 391.0625 942.0312 659.2500
F 427 3
0 0.942080 784.2500 265.3750 1279.3750 712.0000
72 0.750553 233.7500 98.7500 768.2500 708.2500
72 0.233010 694.8750 180.2500 1267.2500 707.0000
F 428 4
0 0.941223 784.5000 265.8750 1279.3750 711.6250
72 0.687631 232.6250 102.0000 763.7500 708.0000
72 0.204342 692.5000 180.1250 1273.0000 708.0000
56 0.117168 704.6250 127.0156 893.2812 201.7812
F 429 5
0 0.947187 784.0000 265.8750 1279.3750 712.5000
72 0.740176 238.7500 98.8750 774.5000 708.5000
72 0.255343 694.3750 183.7500 1267.7500 707.7500
67 0.178956 785.0000 400.0312 904.9062 513.5312
40 0.130284 783.1875 397.9375 954.3125 665.3750
F 430 4
0 0.937671 784.0000 267.8750 1279.5000 711.8750
72 0.734120 235.7500 95.3750 770.0000 709.2500
72 0.194980 694.2500 181.5000 1263.0000 707.0000
69 0.119200 694.0000 183.1250 1257.5000 708.2500
F 431 4
0 0.947577 784.2500 267.3750 1279.3750 712.0000
72 0.811677 235.8750 97.0000 768.0000 708.2500
72 0.261330 693.1250 184.6250 1272.7500 707.7500
67 0.126782 785.1875 396.0000 940.1875 660.0000
F 432 5
0 0.945398 785.5000 266.0000 1279.3750 712.1250
72 0.769078 234.6250 102.0000 774.5000 708.5000
67 0.295840 785.1250 395.1875 948.6250 658.5000
72 0.235111 691.6250 179.1250 1274.5000 707.0000
67 0.121685 786.9375 395.7188 911.7812 514.1875
F 433 4
0 0.940354 784.0000 267.3750 1279.3750 712.2500
72 0.752012 237.1250 98.2500 778.0000 708.7500
72 0.141759 692.8750 181.7500 1267.0000 707.7500
67 0.103022 785.8125 396.6875 939.0000 663.2500
F 434 4
0 0.944585 783.0000 268.1250 1279.5000 712.2500
72 0.757793 234.0000 98.7500 769.7500 708.2500
72 0.284576 690.0000 183.0000 1272.5000 706.2500
67 0.232313 789.3125 399.3750 939.0938 662.2500
F 435 4
0 0.946000 783.2500 269.7500 1279.2500 712.2500
72 0.806853 235.5000 100.2500 760.7500 708.2500
72 0.142234 690.5000 178.6250 1275.5000 708.2500
67 0.118383 786.3125 396.0000 943.4375 660.3750
F 436 4
0 0.944380 783.5000 268.3750 1279.3750 711.6250
72 0.715424 236.5000 92.5000 772.2500 709.5000
67 0.236519 789.1875 394.3750 950.5000 661.8750
72 0.104110 695.2500 182.6250 1272.0000 707.0000
F 437 3
0 0.946991 784.7500 270.3750 1279.5000 712.0000
72 0.744657 233.0000 96.0000 768.5000 708.2500
72 0.141759 694.5000 183.6250 1276.7500 708.2500
F 438 5
0 0.935585 785.7500 269.8750 1279.3750 711.8750
72 0.804406 235.5000 100.5000 767.0000 708.2500
67 0.175540 789.7500 396.3125 943.5938 663.7500
56 0.149036 705.6250 126.9688 891.3125 200.5000
72 0.119200 694.3750 185.2500 1274.2500 707.5000
F 439 5
0 0.939469 785.2500 269.7500 1279.3750 712.6250
72 0.787931 236.1250 95.1250 777.0000 709.2500
72 0.245086 697.7500 185.6250 1273.2500 708.7500
67 0.218669 790.0625 399.5000 948.8125 662.1250
69 0.128961 697.0000 186.2500 1269.7500 712.7500
F 440 4
0 0.936521 785.0000 269.8750 1279.3750 712.1250
72 0.805633 233.8750 100.5000 768.5000 708.0000
72 0.248717 692.7500 183.7500 1270.2500 706.7500
69 0.120027 693.0000 183.8750 1267.0000 711.0000
F 441 5
0 0.942504 782.7500 270.5000 1279.2500 712.1250
72 0.707405 237.2500 95.0000 769.0000 708.7500
67 0.212069 790.5625 398.0000 941.0938 662.0000
67 0.174412 791.5000 398.8125 935.2500 560.7812
69 0.101230 695.1250 179.5625 1272.0000 711.0000
F 442 6
0 0.937899 784.0000 271.3750 1279.7500 712.5000
72 0.770463 234.1250 102.7500 778.5000 708.5000
72 0.135691 695.1250 182.3750 1272.0000 708.0000
56 0.125062 707.9688 125.9375 894.5000 199.3438
67 0.112799 790.5000 399.8125 945.1875 664.6250
69 0.103746 694.2500 184.2500 1270.5000 711.5000
F 443 4
0 0.938801 781.0000 271.7500 1279.5000 712.3750
72 0.747616 234.1250 89.6250 770.7500 709.5000
67 0.162379 791.1875 398.3125 944.3750 667.0000
68 0.109708 694.5000 184.0000 1273.0000 709.2500
F 444 6
0 0.942292 782.0000 271.7500 1279.5000 712.2500
72 0.729520 237.0000 94.1250 769.0000 708.7500
72 0.209470 694.3750 178.5000 1270.7500 708.2500
67 0.134777 791.5625 400.9375 939.3125 668.7500
67 0.127650 792.6875 401.7500 930.8125 564.7500
69 0.118791 695.0000 182.0000 1269.2500 712.7500
F 445 4
0 0.935821 782.0000 270.8750 1279.5000 712.5000
72 0.775945 235.8750 90.7500 764.5000 708.7500
69 0.156618 693.0000 185.8750 1267.5000 714.0000
72 0.106319 693.5000 185.1250 1269.0000 709.5000
F 446 3
0 0.940136 781.2500 271.1250 1279.3750 712.5000
72 0.737159 235.1250 92.2500 768.2500 709.5000
72 0.151528 696.1250 180.2500 1273.2500 708.2500
F 447 5
0 0.930960 781.5000 270.8750 1279.5000 712.5000
72 0.769078 234.0000 106.0000 763.2500 708.0000
72 0.188323 693.5000 184.2500 1271.5000 707.5000
69 0.117168 693.5000 187.6250 1267.7500 711.0000
56 0.100169 708.2812 126.3438 893.5000 199.2500
F 448 5
0 0.940790 781.0000 271.3750 1279.6250 711.8750
72 0.757793 236.6250 95.1250 768.0000 709.7500
72 0.135233 695.6250 184.2500 1269.7500 708.5000
65 0.120853 790.8750 409.0625 947.7500 669.6250
69 0.115963 695.0000 184.6250 1265.0000 712.5000
F 449 5
0 0.938126 779.7500 271.3750 1279.3750 712.2500
72 0.775945 235.6250 98.5000 760.0000 708.7500
67 0.145116 789.8125 407.5000 920.3750 564.0000
67 0.108947 788.7500 406.5625 938.3125 669.8750
69 0.107064 695.5000 188.1875 1276.0000 712.2500
F 450 6
0 0.932944 779.7500 272.0000 1279.7500 712.0000
72 0.771842 237.0000 105.7500 758.0000 709.0000
72 0.140811 690.7500 183.0000 1274.7500 709.0000
69 0.134777 689.7500 183.5000 1273.7500 712.7500
67 0.128523 790.8750 428.4375 873.9375 561.6250
67 0.103746 789.3750 413.6562 908.5312 562.8125
F 451 4
0 0.941438 777.7500 271.6250 1279.5000 713.1250
72 0.727975 235.1250 98.5000 765.2500 708.7500
72 0.160791 694.7500 184.3750 1273.7500 708.2500
67 0.134777 788.7500 413.5938 904.5156 561.0625
F 452 4
0 0.926568 779.2500 271.7500 1279.5000 713.1250
72 0.801936 235.7500 99.5000 773.2500 708.5000
72 0.220007 695.0000 183.8750 1276.2500 707.5000
65 0.151027 781.3750 413.1875 950.3125 676.0000
F 453 6
0 0.933189 777.5000 271.8750 1279.1250 712.5000
72 0.845944 233.8750 100.0000 757.7500 709.0000
67 0.166676 786.3125 426.3125 904.7812 563.9375
69 0.160265 693.2500 187.2500 1269.7500 712.2500
72 0.147063 693.6250 184.5000 1270.5000 709.0000
65 0.104476 786.9844 421.1875 909.6875 569.0625
F 454 4
0 0.932944 776.7500 271.5000 1279.2500 712.5000
72 0.767687 236.3750 92.6250 762.0000 709.7500
72 0.278257 692.6250 183.2500 1270.7500 707.5000
67 0.180106 785.5625 407.3125 906.0938 564.1250
F 455 4
0 0.938352 776.7500 271.6250 1279.5000 712.6250
72 0.782663 234.3750 96.7500 766.2500 708.2500
72 0.218003 694.7500 179.5000 1273.7500 708.2500
67 0.183594 787.3750 415.0000 902.6562 567.4375
F 456 5
0 0.926833 778.2500 271.5000 1279.6250 712.1250
72 0.735642 235.2500 93.8750 762.7500 709.2500
72 0.224735 695.1250 181.0000 1270.7500 707.5000
67 0.103022 786.0312 413.5000 905.9062 568.3750
69 0.101230 694.5000 180.1250 1268.2500 712.5000
F 457 6
0 0.927360 775.7500 271.8750 1280.0000 711.7500
72 0.804406 236.3750 97.7500 767.7500 709.2500
67 0.217337 787.0625 410.1875 899.0312 565.1875
69 0.130727 696.2500 186.1250 1266.5000 713.0000
67 0.118383 783.4375 411.0000 948.1250 677.7500
72 0.113583 697.6250 184.5000 1271.2500 709.2500
F 458 6
0 0.934637 778.5000 270.8750 1279.3750 713.1250
72 0.791821 234.8750 98.5000 763.5000 708.5000
67 0.148044 787.8125 415.2500 901.2188 562.2500
69 0.143670 692.2500 182.8750 1262.5000 712.7500
67 0.139399 782.4375 415.6875 936.6250 682.0000
72 0.123363 693.1250 182.3750 1265.5000 708.2500
F 459 6
0 0.933675 775.7500 271.7500 1279.3750 711.8750
72 0.787931 233.8750 95.7500 760.0000 708.7500
67 0.245086 787.0000 414.1875 906.0938 563.4375
69 0.137999 694.0000 183.8750 1267.5000 712.7500
72 0.111244 694.3750 182.0000 1272.0000 709.0000
67 0.103022 788.4688 427.0625 877.8438 562.7500
F 460 5
0 0.935821 777.0000 270.2500 1279.2500 712.0000
72 0.738670 236.0000 94.6250 765.2500 709.2500
67 0.265880 786.0625 409.9375 902.5625 565.2500
72 0.160265 696.8750 182.2500 1269.2500 708.7500
56 0.130284 708.9062 126.4375 893.7500 198.7500
F 461 4
0 0.938126 776.2500 270.6250 1279.5000 712.7500
72 0.796925 234.8750 102.2500 766.2500 708.5000
72 0.223376 693.5000 181.1250 1270.2500 708.7500
65 0.127650 783.7500 414.6250 947.2500 675.6250
F 462 6
0 0.923865 772.2500 270.5000 1279.8750 711.5000
72 0.814053 237.2500 92.2500 755.2500 709.5000
67 0.286169 782.9375 408.9375 897.3750 566.3125
69 0.173850 693.5000 184.7500 1269.0000 711.0000
72 0.157653 692.8750 183.3750 1270.5000 707.7500
65 0.119200 782.8750 414.6250 897.6875 569.3125
F 463 5
0 0.931959 770.5000 271.0000 1280.0000 711.7500
72 0.789233 237.3750 94.7500 762.0000 709.0000
67 0.246534 789.1875 412.5625 904.5000 565.5625
69 0.165054 696.5000 184.5000 1264.7500 711.5000
72 0.155589 697.3750 183.6250 1268.2500 708.0000
F 464 6
0 0.936521 774.2500 269.8750 1279.3750 711.5000
72 0.815233 234.5000 98.7500 763.5000 708.5000
67 0.195594 786.6250 410.2500 903.0000 564.2500
72 0.180106 694.0000 186.1250 1272.5000 709.5000
67 0.153041 783.1875 414.7500 952.4375 677.5000
68 0.142234 694.2500 187.2500 1278.0000 711.7500
F 465 5
0 0.934875 771.7500 269.5000 1279.3750 712.6250
72 0.799442 238.6250 94.8750 762.7500 709.0000
67 0.305697 784.4375 408.3125 896.6875 565.3750
72 0.175540 694.6250 185.1250 1273.5000 708.2500
69 0.124636 694.2500 186.5000 1272.7500 711.0000
F 466 5
0 0.936753 768.2500 268.8750 1280.0000 712.0000
72 0.785308 237.1250 96.0000 763.5000 708.7500
67 0.201813 782.4375 414.8125 904.0312 572.3750
69 0.143670 691.7500 184.3750 1270.2500 710.2500
72 0.136610 692.2500 185.1250 1273.0000 707.7500
F 467 5
0 0.943968 762.5000 268.5000 1279.7500 710.8750
72 0.795658 234.6250 94.2500 756.2500 708.0000
67 0.226785 783.2500 414.4375 901.0000 567.3750
68 0.126782 693.2500 184.6250 1273.0000 709.5000
69 0.103022 693.2500 185.5000 1270.2500 711.7500
F 468 7
0 0.938126 768.7500 268.2500 1279.6250 713.1250
72 0.767687 236.1250 99.2500 755.2500 708.2500
72 0.150527 693.8750 182.6250 1273.0000 708.7500
67 0.143190 778.7500 417.2500 943.6875 698.0000
67 0.133868 781.4375 411.5625 902.0938 578.6875
68 0.104476 694.6250 184.7500 1278.2500 710.7500
69 0.103022 693.7500 183.3750 1272.7500 714.0000
F 469 4
0 0.928923 763.7500 267.5000 1280.0000 711.3750
72 0.793106 234.8750 96.7500 763.2500 708.7500
67 0.205615 778.7500 416.3750 902.7500 583.4375
69 0.138931 695.7500 181.3750 1268.0000 710.7500
F 470 3
0 0.939025 759.0000 269.5000 1280.0000 712.0000
72 0.793106 235.1250 99.7500 760.0000 708.7500
67 0.136610 782.4375 414.0625 896.4375 582.1875
F 471 7
0 0.935349 761.0000 266.1250 1279.6250 712.6250
72 0.737159 236.2500 97.2500 759.5000 708.0000
65 0.169958 767.3750 418.5000 946.3125 700.8750
67 0.144150 783.4375 416.7500 905.7188 578.1250
67 0.137535 773.6875 417.9375 947.1875 695.0000
56 0.133868 707.6250 126.3594 893.5000 199.1875
69 0.131618 697.7500 184.1250 1273.5000 712.0000
F 472 6
0 0.941438 753.7500 267.0000 1280.0000 710.7500
72 0.800692 236.6250 99.7500 759.5000 708.7500
67 0.275130 780.5000 416.3438 901.3438 585.8750
67 0.147063 779.5625 417.8750 929.6250 620.5000
68 0.144150 696.5000 184.5000 1271.5000 707.7500
67 0.113583 785.8438 416.1875 895.6875 539.0625
F 473 3
0 0.938126 757.2500 265.5000 1280.0000 711.8750
72 0.764889 235.6250 94.2500 760.7500 708.5000
67 0.127650 777.3125 419.8125 896.4531 591.3750
F 474 5
0 0.936288 756.7500 266.7500 1280.0000 712.0000
72 0.834406 235.6250 103.2500 759.7500 708.7500
67 0.258325 771.6875 420.8125 945.5625 697.3750
67 0.166676 772.3750 420.2500 901.5000 590.0625
72 0.109708 697.3750 187.0000 1271.2500 708.5000
F 475 6
0 0.941223 755.2500 265.7500 1280.0000 712.6250
72 0.854884 234.6250 102.7500 757.5000 710.0000
67 0.204342 772.8125 420.6406 901.3438 588.0000
67 0.191932 770.7500 421.6875 947.8750 695.6250
68 0.144150 694.8750 186.5000 1272.5000 709.2500
69 0.119616 695.5000 187.8750 1270.2500 712.7500
F 476 5
0 0.945800 753.7500 263.0000 1280.0000 711.1250
72 0.757793 235.6250 96.0000 761.5000 708.5000
67 0.153041 771.4375 419.8750 940.7500 696.0000
67 0.142234 772.2500 419.5625 909.5781 589.0000
72 0.129401 691.8750 186.8750 1276.5000 708.0000
F 477 5
0 0.942080 756.2500 263.7500 1280.0000 711.8750
72 0.823327 234.2500 101.7500 759.0000 709.3750
67 0.252384 769.0625 421.1875 946.8125 695.7500
72 0.202443 694.7500 187.5000 1269.7500 708.2500
67 0.136610 770.8125 419.4219 897.8438 584.6250
F 478 4
0 0.942080 754.5000 262.5000 1280.0000 711.7500
72 0.786623 234.8750 97.7500 757.7500 708.7500
67 0.171063 766.3125 421.5000 944.6250 695.1250
67 0.147063 768.6250 420.9375 909.6562 589.1875
F 479 5
0 0.944993 757.0000 260.7500 1280.0000 712.2500
72 0.729520 236.2500 97.7500 760.7500 708.7500
67 0.200558 770.0625 419.5781 900.2500 582.5000
67 0.187132 766.5000 421.1250 942.6875 691.7500
72 0.105948 696.2500 186.7500 1276.5000 708.0000
F 480 6
0 0.948730 754.7500 261.2500 1280.0000 712.2500
72 0.806853 234.7500 99.7500 760.2500 709.5000
72 0.258325 697.2500 185.1250 1267.2500 707.7500
67 0.134777 767.2500 421.9688 910.3594 589.0000
67 0.127650 765.0625 423.0000 941.9062 697.6250
65 0.116765 758.3750 423.5000 937.3750 699.7500
F 481 6
0 0.945398 756.0000 261.2500 1280.0000 712.2500
72 0.738670 236.8750 92.7500 760.2500 708.5000
67 0.208179 765.7500 422.2812 891.1875 590.2500
67 0.193147 765.9375 422.6875 937.5938 694.7500
72 0.138931 697.3750 184.0000 1273.2500 708.5000
65 0.128523 764.5000 422.0000 943.1875 696.0000
F 482 6
0 0.944789 753.7500 260.5000 1279.5000 712.7500
72 0.826710 234.2500 100.0000 759.7500 708.0000
72 0.255343 693.2500 183.8750 1265.0000 708.0000
67 0.222700 766.1875 421.4062 892.9375 588.2500
67 0.138464 763.3125 422.0000 943.3125 697.5000
65 0.127650 760.6250 420.6250 941.9375 694.4375
F 483 5
0 0.951684 749.8750 260.7500 1280.0000 710.7500
72 0.783988 233.8750 97.2500 760.5000 708.5000
67 0.242207 766.3750 420.7188 894.9375 588.0625
67 0.181262 765.8125 420.8750 937.7188 696.0000
72 0.105948 693.7500 185.3750 1272.5000 707.7500
F 484 7
0 0.933432 757.0000 260.2500 1280.0000 711.7500
72 0.774583 235.6250 96.2500 764.7500 708.7500
69 0.155076 695.5000 187.3750 1272.7500 712.5000
72 0.140811 695.1250 184.6250 1274.7500 709.0000
67 0.118383 761.6875 423.3750 937.3750 695.3750
68 0.117572 695.5000 184.7500 1274.0000 709.2500
65 0.110474 756.3750 421.7500 928.9062 696.5625
F 485 6
0 0.944993 750.0000 260.7500 1279.8750 711.6250
72 0.839735 235.1250 101.5000 754.7500 709.0000
67 0.264358 767.5625 422.2500 941.8750 694.5000
67 0.172174 770.0000 421.7812 910.7812 588.7500
72 0.119200 696.1250 185.0000 1273.5000 708.2500
69 0.105578 697.0000 185.1250 1272.5000 711.5000
F 486 5
0 0.948157 749.2500 259.5000 1280.0000 711.6250
72 0.775945 234.0000 98.0000 757.2500 709.0000
72 0.276691 695.0000 185.5000 1269.5000 709.2500
67 0.178956 765.5000 423.2812 899.2188 589.7500
67 0.137535 762.6250 423.6875 943.0000 696.8750
F 487 7
0 0.940573 749.5000 259.0000 1280.0000 711.7500
72 0.837621 233.8750 97.7500 754.0000 709.0000
69 0.187132 694.5000 187.3750 1274.2500 713.7500
72 0.167220 692.7500 185.2500 1274.2500 708.7500
67 0.166676 759.8750 421.5625 934.8125 697.2500
67 0.158173 763.6875 421.2812 917.0625 587.5625
65 0.105209 750.0000 416.8750 936.2812 697.1875
F 488 5
0 0.942715 751.1250 258.7500 1280.0000 711.1250
72 0.773215 234.3750 94.2500 758.7500 708.7500
72 0.278257 691.2500 185.2500 1270.5000 709.7500
67 0.148044 764.3125 421.5625 887.5625 591.3125
67 0.130284 761.1250 421.8750 931.8125 693.1250
F 489 5
0 0.943968 750.5000 259.5000 1280.0000 711.7500
72 0.809277 235.7500 99.5000 759.0000 708.7500
67 0.217337 763.7500 423.0625 901.4688 589.5625
72 0.195594 696.0000 187.5000 1270.2500 708.0000
67 0.115165 759.5000 423.2500 930.8438 697.5000
F 490 6
0 0.948348 744.5000 258.2500 1279.7500 710.1250
72 0.786623 236.6250 99.5000 757.0000 709.5000
67 0.290980 758.4375 424.7188 888.3750 590.4375
67 0.175540 760.6250 424.4375 928.4688 621.3750
67 0.155076 759.1250 423.3125 951.5000 696.6250
72 0.117977 695.6250 185.1250 1271.2500 709.5000
F 491 4
0 0.947577 746.0000 258.7500 1280.0000 711.2500
72 0.812868 236.7500 99.7500 754.5000 708.7500
67 0.253860 760.5000 423.4375 888.0938 590.2500
67 0.126782 758.8125 422.8125 934.6562 699.8750
F 492 6
0 0.938126 743.3750 258.2500 1280.0000 710.3750
72 0.778650 235.1250 98.7500 751.5000 709.0000
67 0.320822 764.6250 425.4062 890.8750 590.3750
72 0.171618 696.1250 185.2500 1273.0000 706.7500
69 0.131618 697.5000 186.7500 1272.5000 712.5000
63 0.117572 801.8750 373.4688 1063.4375 521.0000
F 493 8
0 0.943761 746.5000 258.2500 1279.8750 711.5000
72 0.801936 236.8750 96.5000 753.0000 709.0000
67 0.292595 762.1875 424.3750 888.2812 593.1250
67 0.240777 758.5000 423.6250 929.5000 697.3750
62 0.145601 695.6250 185.2500 1276.0000 708.0000
68 0.141284 695.7500 186.5000 1273.0000 707.2500
69 0.125062 697.0000 188.2500 1271.5000 711.7500
65 0.115963 758.5625 423.3750 929.3750 696.5000
F 494 5
0 0.940354 744.2500 258.5000 1279.7500 709.3750
72 0.769078 236.5000 94.5000 752.0000 709.0000
67 0.494141 762.0625 424.0000 885.1250 592.5625
72 0.148044 694.5000 186.0000 1273.2500 708.7500
69 0.109708 696.2500 188.5000 1274.5000 714.2500
F 495 5
0 0.927623 748.2500 258.2500 1280.0000 711.5000
72 0.806853 235.1250 99.7500 756.2500 709.5000
67 0.222700 755.4375 423.6875 888.3750 594.1875
72 0.141284 692.5000 186.6250 1273.7500 710.2500
65 0.119200 749.3750 421.2500 926.2500 697.4375
F 496 7
0 0.933432 749.0000 258.5000 1280.0000 711.8750
72 0.798187 236.2500 94.0000 752.2500 709.5000
67 0.252384 759.8750 425.5938 884.9062 591.0625
69 0.156103 696.0000 187.1250 1270.5000 713.0000
72 0.155589 695.7500 185.3750 1273.0000 708.7500
67 0.124210 759.3125 424.6250 933.0312 699.8750
65 0.123363 756.2500 423.5000 931.4062 699.8125
F 497 6
0 0.932944 746.2500 259.2500 1280.0000 710.8750
72 0.793106 235.6250 102.7500 753.5000 708.7500
67 0.294215 756.6250 426.5000 883.0625 590.6875
67 0.142234 757.6875 425.1875 935.2500 699.6250
69 0.120027 695.0000 185.8750 1272.5000 711.2500
67 0.104476 759.0000 426.0000 919.9375 616.7500
F 498 6
0 0.936984 747.5000 258.7500 1280.0000 711.1250
72 0.746140 238.0000 95.7500 752.5000 708.7500
67 0.181262 759.6875 426.7500 926.2812 699.0000
72 0.179531 693.3750 184.6250 1273.2500 708.5000
67 0.145116 759.8125 427.8438 885.9062 593.3125
65 0.129401 747.8750 426.0000 926.9375 700.2500
F 499 3
0 0.944380 742.8750 257.7500 1279.7500 710.6250
72 0.795658 236.0000 94.5000 755.5000 709.2500
67 0.336331 763.2500 427.8750 883.7812 594.0625
F 500 5
0 0.936055 745.1250 259.5000 1280.0000 710.1250
72 0.805633 234.6250 96.7500 754.0000 708.2500
67 0.315735 760.4375 428.0312 885.3438 591.8125
67 0.184767 759.3125 426.0000 938.1562 700.7500
72 0.148044 691.8750 183.5000 1270.5000 707.7500
F 501 5
0 0.934397 743.8750 258.7500 1280.0000 710.3750
72 0.793106 236.1250 99.0000 751.0000 709.0000
67 0.222700 757.2500 430.3750 893.0312 592.8750
72 0.150029 692.1250 185.2500 1275.5000 709.2500
69 0.143190 694.0000 187.6250 1273.2500 713.2500
F 502 5
0 0.946794 742.0000 259.7500 1279.7500 710.5000
72 0.778650 234.6250 94.0000 754.0000 709.5000
72 0.193147 696.2500 185.1250 1274.2500 709.0000
67 0.184767 756.8750 429.2812 892.2812 594.6250
67 0.136610 754.5625 427.8750 933.4688 700.3750
F 503 5
0 0.944380 744.3750 259.7500 1279.7500 710.2500
72 0.816406 236.7500 96.2500 753.0000 709.2500
67 0.310694 759.5000 432.2500 892.0625 596.0000
67 0.196826 750.3750 430.0000 930.5000 702.6250
69 0.152535 696.0000 185.1250 1270.2500 712.2500
F 504 4
0 0.942292 741.3750 261.2500 1279.7500 711.3750
72 0.771842 235.7500 96.7500 750.7500 709.0000
67 0.310694 756.4375 431.1875 892.8438 596.2500
72 0.102661 697.7500 185.8750 1274.0000 709.5000
F 505 5
0 0.950229 741.7500 261.0000 1280.0000 711.0000
72 0.720171 234.5000 98.0000 753.5000 709.0000
67 0.281406 761.6250 433.9062 888.2188 599.8750
67 0.212069 760.1250 432.7500 927.6562 705.0000
72 0.101943 694.7500 182.3750 1273.5000 709.7500
F 506 6
0 0.937443 744.2500 261.7500 1280.0000 710.0000
72 0.793106 236.0000 93.5000 753.2500 709.0000
67 0.284576 753.3750 432.5000 931.5000 704.6250
67 0.236519 763.1250 434.2812 893.7500 595.6875
72 0.228158 695.1250 184.1250 1272.2500 709.0000
65 0.144150 749.2500 431.3750 934.2500 706.6875
F 507 5
0 0.919357 749.0000 261.5000 1279.7500 710.2500
72 0.796925 234.1250 100.5000 752.0000 709.5000
67 0.265880 760.8125 436.2500 893.5938 598.9375
67 0.204342 759.4375 435.3125 929.5000 705.1250
65 0.178956 749.5000 434.1250 931.0000 707.8125
F 508 7
0 0.950044 742.6250 262.7500 1280.0000 710.2500
72 0.753466 236.1250 94.2500 752.7500 709.5000
67 0.268943 756.8125 436.3750 929.1875 702.2500
67 0.214692 764.5000 436.1562 898.9688 596.1250
65 0.130284 753.8750 435.7500 930.8750 704.1875
62 0.120027 697.3750 186.3750 1276.7500 708.2500
56 0.115563 708.0000 126.1562 893.5000 199.0000
F 509 6
0 0.938577 746.2500 265.2500 1280.0000 710.2500
72 0.769078 236.2500 95.2500 752.7500 708.7500
67 0.222700 761.2500 436.5938 892.9062 595.6875
67 0.220007 759.6250 435.4375 939.5938 704.6250
72 0.205615 696.0000 186.5000 1274.5000 709.5000
65 0.109708 747.3750 434.6250 940.0000 707.9375
F 510 5
0 0.942080 743.7500 264.3750 1280.0000 710.3750
72 0.750553 234.8750 97.7500 753.0000 708.7500
67 0.240777 765.3750 439.2500 901.8438 600.2500
67 0.228158 763.6250 437.8125 942.2812 689.0000
62 0.165054 695.6250 186.6250 1277.0000 708.2500
F 511 5
0 0.935349 747.7500 266.3750 1280.0000 710.5000
72 0.800692 235.3750 96.7500 757.2500 709.7500
67 0.246534 765.8750 435.4062 895.0312 598.1250
72 0.162912 696.5000 185.7500 1274.2500 710.7500
67 0.151027 764.9375 434.6875 940.4062 703.0000
F 512 6
0 0.940790 744.6250 266.0000 1279.7500 710.1250
72 0.798187 235.0000 98.0000 756.0000 708.2500
67 0.346873 765.3125 438.1562 898.2188 600.7500
68 0.123363 694.2500 185.7500 1271.0000 710.5000
67 0.108190 765.4375 437.1875 937.1875 684.3750
69 0.101230 695.7500 188.6250 1269.7500 714.7500
F 513 5
0 0.945599 747.0000 269.1250 1280.0000 711.1250
72 0.791821 234.5000 94.5000 754.0000 709.2500
67 0.281406 771.4375 439.1562 897.0625 602.2500
67 0.268943 770.0000 439.0625 933.1250 701.7500
72 0.113977 695.7500 181.1250 1270.0000 709.5000
F 514 5
0 0.944380 747.0000 269.0000 1279.8750 711.2500
72 0.741675 234.5000 92.0000 755.2500 709.7500
67 0.474631 775.8125 438.5625 932.0000 702.1250
67 0.289371 776.0625 438.0625 892.3125 602.7500
68 0.113583 699.1250 186.7500 1278.2500 711.0000
F 515 5
0 0.943136 750.2500 270.5000 1279.2500 710.6875
72 0.740176 235.7500 99.7500 757.5000 709.0000
67 0.264358 773.9375 435.5000 932.6875 704.8750
67 0.229537 773.8125 435.2812 903.1875 600.8750
72 0.108568 693.2500 181.2500 1273.2500 709.0000
F 516 4
0 0.945196 747.7500 270.1250 1279.8750 710.6250
72 0.795658 235.6250 98.7500 753.2500 708.2500
67 0.272025 765.3750 435.9375 942.0625 699.0000
67 0.195594 769.6250 436.0625 892.5938 600.5000
F 517 5
0 0.943553 748.8750 270.7500 1280.0000 711.5625
72 0.777300 235.2500 99.5000 763.0000 709.2500
67 0.282988 773.6875 438.4688 892.9688 598.4375
67 0.144150 768.5000 438.0000 940.0625 707.7500
68 0.108190 698.6250 185.0000 1272.5000 710.0000
F 518 4
0 0.946000 749.6250 271.0000 1280.0000 710.6250
72 0.734120 236.8750 97.5000 759.0000 708.7500
67 0.384912 776.8750 435.5312 893.3750 598.9375
67 0.117572 777.7500 435.5625 921.7500 700.7500
F 519 6
0 0.941438 753.0000 272.1250 1280.0000 710.8750
72 0.700894 240.5000 91.6250 756.2500 709.2500
67 0.256831 775.5625 435.6562 895.4062 598.0000
67 0.181262 772.0000 436.0000 932.2500 704.8750
65 0.118383 765.0000 436.1250 933.1875 706.6250
56 0.105948 707.1875 125.4375 893.7500 199.0000
F 520 5
0 0.941223 751.5000 271.3750 1280.0000 709.8750
72 0.756356 237.0000 97.7500 763.0000 709.0000
67 0.424412 775.8750 436.8438 892.4062 594.7500
67 0.364777 774.4375 437.6250 934.1875 703.2500
68 0.237932 697.8750 186.0000 1267.7500 709.7500
F 521 5
0 0.940573 754.7500 271.7500 1280.0000 711.6250
72 0.789233 232.8750 97.2500 763.2500 709.2500
67 0.226785 773.8750 433.1250 953.5000 710.3750
67 0.190723 776.8125 433.3125 905.6562 599.9375
68 0.139399 693.3750 184.8750 1275.0000 709.5000
F 522 4
0 0.948157 751.1250 271.1250 1279.7500 710.5000
72 0.721743 234.8750 94.6250 759.7500 709.7500
67 0.453262 776.5000 434.3438 899.0625 598.8750
68 0.138464 696.0000 186.8750 1275.2500 709.7500
F 523 5
0 0.947382 752.0000 273.1250 1280.0000 711.5000
72 0.680879 236.0000 91.6250 766.7500 709.7500
67 0.314050 778.3125 433.0000 948.0000 634.6875
67 0.240777 775.0938 432.9062 900.5625 596.3125
67 0.239352 773.0000 430.7500 951.0938 709.2500
F 524 5
0 0.942292 754.0000 271.6250 1279.7500 710.0000
72 0.741675 235.1250 97.2500 761.0000 708.7500
67 0.372048 774.5000 435.3750 933.9375 701.5000
67 0.265880 775.6250 435.3125 897.2812 601.0000
68 0.143190 692.8750 185.7500 1269.7500 708.5000
F 525 5
0 0.946399 755.0000 274.0000 1280.0000 711.7500
72 0.744657 235.6250 101.0000 763.7500 709.0000
67 0.392337 778.5000 436.1250 936.3750 700.8750
67 0.162379 778.7500 434.6875 906.1250 599.1875
56 0.103022 707.0625 125.7344 894.0000 198.5938
F 526 5
0 0.952041 753.6250 274.1250 1280.0000 710.5000
72 0.699254 240.3750 91.5000 764.2500 709.5000
67 0.317426 776.0625 434.3750 951.9375 702.5000
67 0.196826 774.5000 434.3750 893.7188 594.0625
68 0.119200 695.3750 184.7500 1272.0000 710.0000
F 527 5
0 0.950780 751.8750 273.8750 1280.0000 710.7500
72 0.791821 233.5000 99.5000 761.2500 709.2500
67 0.403567 775.8750 433.5000 934.2500 701.6250
67 0.222700 773.5625 433.9688 902.1875 597.9375
68 0.152031 697.3750 184.0000 1274.0000 709.5000
F 528 6
0 0.943553 753.1250 275.8750 1280.0000 710.1250
72 0.734120 234.5000 98.0000 759.7500 708.5000
67 0.224055 777.6250 434.3750 940.0000 701.2500
67 0.152031 775.7500 434.1875 900.7500 596.6875
72 0.124636 695.1250 186.5000 1272.2500 709.7500
65 0.101586 773.3750 434.7500 945.1875 701.4375
F 529 5
0 0.945599 752.5000 274.3750 1280.0000 711.2500
72 0.685950 236.2500 96.5000 763.0000 708.7500
67 0.290980 768.1875 432.6250 950.9375 702.5000
67 0.284576 771.7500 431.8125 906.6406 592.5625
68 0.115165 694.8750 184.8750 1274.0000 710.2500
F 530 4
0 0.935349 758.5000 275.0000 1280.0000 711.6250
72 0.796925 234.1250 95.5000 762.0000 709.0000
67 0.209470 769.1250 433.9375 938.1250 700.6250
72 0.159216 697.1250 187.5000 1273.7500 709.7500
F 531 5
0 0.939025 758.0000 274.5000 1280.0000 712.1250
72 0.769078 237.8750 97.2500 762.2500 708.7500
67 0.224055 772.7500 430.6562 902.7031 592.3750
67 0.157135 771.0000 431.5000 950.1875 701.6250
72 0.108190 696.7500 186.5000 1272.5000 711.0000
F 532 5
0 0.934875 759.5000 276.1250 1280.0000 711.8750
72 0.785308 237.2500 102.2500 765.7500 708.5000
72 0.152535 698.7500 185.2500 1270.7500 709.7500
67 0.144150 770.7500 429.8750 954.9375 701.5000
68 0.114371 698.7500 187.0000 1277.7500 710.5000
F 533 4
0 0.929948 760.7500 275.0000 1280.0000 711.8750
72 0.826710 234.7500 98.0000 767.0000 708.5000
68 0.189521 696.6250 186.8750 1278.7500 711.0000
67 0.123363 774.0625 432.9375 939.5000 701.2500
F 534 4
0 0.941007 760.2500 275.7500 1280.0000 712.3750
72 0.818738 233.5000 103.0000 762.0000 709.5000
67 0.146087 783.8125 428.9375 907.6406 589.8750
72 0.128086 696.2500 184.3750 1271.2500 709.5000
F 535 5
0 0.934637 761.7500 275.5000 1280.0000 711.8750
72 0.766291 234.5000 98.7500 764.5000 708.5000
67 0.151027 772.5000 426.6250 943.0625 698.1250
72 0.125062 700.3750 187.2500 1273.7500 709.7500
67 0.115963 785.5312 427.8438 873.5938 546.4375
F 536 3
0 0.931959 763.7500 275.7500 1279.3750 712.2500
72 0.787931 235.0000 94.2500 762.5000 708.2500
72 0.108190 693.6250 186.0000 1273.2500 709.2500
F 537 5
0 0.942715 763.0000 276.0000 1280.0000 712.3750
72 0.832236 234.7500 100.0000 765.7500 709.5000
72 0.152031 695.8750 186.8750 1274.7500 710.2500
69 0.151528 697.0000 188.3750 1275.2500 715.7500
65 0.119200 772.0000 426.1250 952.5625 702.2500
F 538 6
0 0.935113 763.0000 276.1250 1280.0000 711.5000
72 0.801936 236.0000 102.0000 764.2500 708.7500
67 0.183594 775.4375 425.0000 953.4375 694.6250
67 0.128523 779.1250 425.7188 904.0312 584.3125
67 0.103022 778.9375 424.9375 926.4375 637.0000
69 0.103022 696.5000 188.7500 1276.5000 712.7500
F 539 5
0 0.935821 764.7500 276.8750 1279.7500 711.7500
72 0.810480 236.8750 100.0000 760.0000 708.2500
67 0.233709 775.6250 425.0000 952.3750 699.8750
67 0.161319 781.9375 424.8750 901.3125 584.6875
67 0.108947 779.8125 424.5000 933.7188 625.0625
F 540 7
0 0.932453 763.7500 275.6250 1280.0000 712.0000
72 0.774583 236.3750 98.5000 759.0000 708.5000
67 0.392337 782.7500 424.0625 939.1250 692.5000
72 0.171063 698.2500 186.5000 1275.5000 708.2500
56 0.170510 708.1562 126.2812 895.1250 200.1562
62 0.107814 700.1250 186.0000 1276.5000 710.6250
65 0.105209 787.8750 423.2500 940.7812 688.4375
F 541 6
0 0.925768 765.5000 276.5000 1280.0000 712.3750
72 0.775945 237.2500 99.7500 764.5000 708.7500
68 0.190723 697.0000 185.0000 1278.7500 711.2500
67 0.174412 777.6875 422.4375 940.5625 690.6250
65 0.152031 775.1875 425.1250 940.5625 688.5625
69 0.109708 697.3750 185.2500 1278.7500 715.0000
F 542 5
0 0.932453 767.0000 276.1250 1280.0000 712.2500
72 0.803174 235.3750 95.7500 757.7500 708.2500
67 0.338077 780.8750 419.4375 945.4375 696.8750
69 0.142712 694.0000 185.1250 1273.0000 713.7500
72 0.109327 692.5000 184.8750 1272.7500 708.2500
F 543 5
0 0.938577 763.8750 275.0000 1280.0000 711.5000
72 0.778650 235.1250 102.7500 763.5000 708.2500
67 0.184767 782.8750 416.8125 907.1250 582.5625
72 0.154056 694.5000 187.7500 1273.7500 710.0000
67 0.139399 777.1250 419.8125 949.5000 705.3750
F 544 5
0 0.938801 767.5000 274.1250 1279.8750 712.0000
72 0.713831 237.8750 92.7500 762.0000 709.5000
67 0.272025 777.3125 419.6250 943.1250 705.5000
69 0.109327 693.0000 186.0000 1264.7500 709.7500
67 0.108947 780.9375 414.9375 903.6562 589.3125
F 545 6
0 0.942292 767.5000 273.3750 1279.8750 712.6250
72 0.763481 236.7500 100.2500 762.2500 708.2500
68 0.294215 697.3750 186.3750 1276.7500 709.5000
67 0.216012 781.1875 419.0625 941.6250 698.7500
67 0.160265 785.9375 417.1719 903.9375 580.1250
67 0.104476 784.3125 418.3125 938.1875 598.5000
F 546 6
0 0.938801 768.5000 273.1250 1280.0000 711.6250
72 0.775945 237.0000 103.7500 769.2500 709.0000
68 0.210767 694.2500 184.1250 1272.0000 709.5000
67 0.196826 777.7500 417.0000 907.9688 574.9375
69 0.161319 695.5000 187.1250 1268.5000 713.0000
65 0.127650 772.3750 417.2500 949.9375 710.8750
F 547 5
0 0.938577 765.5000 272.3750 1280.0000 712.2500
72 0.812868 235.7500 96.0000 768.7500 709.5000
67 0.267409 785.3438 414.3281 908.0312 578.1250
69 0.108568 698.0000 186.5000 1267.5000 713.5000
67 0.100875 771.8125 415.5000 941.8750 713.3750
F 548 5
0 0.939025 768.5000 272.6250 1280.0000 711.7500
72 0.794385 233.5000 94.7500 772.2500 708.7500
67 0.345105 780.8750 417.0625 903.6875 576.4375
67 0.209470 777.0625 417.8750 949.7500 702.2500
69 0.112408 696.2500 185.3750 1268.5000 711.7500
F 549 7
0 0.931461 769.0000 271.5000 1279.6250 711.7500
72 0.778650 236.8750 92.2500 771.2500 709.5000
67 0.297470 776.3125 417.0000 951.5625 701.8750
69 0.167220 695.2500 184.0000 1266.2500 710.7500
67 0.159216 782.7500 415.6094 905.3438 577.5000
65 0.146087 775.1250 416.2500 954.8125 709.1250
68 0.131172 695.6250 182.0000 1271.7500 707.7500
F 550 6
0 0.934157 766.5000 271.6250 1279.8750 712.7500
72 0.795658 236.5000 97.5000 767.0000 709.0000
68 0.275130 695.5000 186.7500 1270.5000 708.7500
67 0.212069 779.8125 415.5000 911.8438 576.4375
69 0.177812 696.5000 188.5000 1269.0000 711.2500
67 0.108947 785.3750 411.8438 898.8750 539.6250
F 551 4
0 0.940136 764.5000 271.2500 1280.0000 712.5000
72 0.752012 236.7500 95.2500 767.2500 708.7500
68 0.210767 697.8750 183.3750 1272.7500 708.7500
67 0.135691 779.9375 416.7500 910.8438 576.8750
F 552 4
0 0.944993 763.7500 270.6250 1280.0000 711.2500
72 0.817577 236.7500 98.0000 761.2500 708.7500
67 0.166676 775.6250 415.6875 929.0625 575.1875
69 0.153041 693.7500 183.0000 1274.7500 712.7500
F 553 6
0 0.939916 766.7500 270.8750 1280.0000 712.1250
72 0.834406 235.1250 103.2500 760.2500 708.0000
67 0.212069 778.2500 416.0000 920.5000 577.1875
72 0.184180 692.7500 184.3750 1271.7500 708.2500
67 0.117572 775.8750 416.5000 947.4375 698.3750
67 0.108947 782.7188 414.2188 899.5312 536.9375
F 554 4
0 0.939690 760.8750 269.5000 1279.7500 711.8750
72 0.749087 235.1250 96.7500 765.0000 708.2500
67 0.242207 773.7500 415.8125 911.0000 574.5625
68 0.113583 695.8750 183.3750 1271.0000 710.0000
F 555 4
0 0.947771 761.2500 269.8750 1279.7500 711.7500
72 0.752012 239.1250 96.1250 765.2500 709.7500
67 0.273575 772.2500 415.8750 923.8125 576.1250
72 0.128961 694.7500 185.1250 1274.0000 709.5000
F 556 6
0 0.932453 764.7500 269.2500 1280.0000 712.0000
72 0.740176 234.3750 96.2500 767.7500 709.7500
67 0.267409 780.6875 413.4375 906.0938 574.5000
69 0.126350 696.2500 186.1250 1268.5000 711.5000
72 0.123363 696.0000 186.0000 1271.0000 709.2500
67 0.117572 776.7500 414.1875 937.3750 700.5000
F 557 6
0 0.938801 764.2500 267.6250 1279.8750 712.1250
72 0.760648 234.8750 103.2500 769.0000 708.0000
67 0.204342 772.5625 415.4375 941.5625 691.3750
67 0.171063 776.3750 412.8594 901.9062 574.8750
68 0.142234 696.6250 183.5000 1269.7500 707.7500
62 0.131172 697.3750 182.0000 1272.7500 709.6250
F 558 5
0 0.937899 764.7500 262.5000 1279.5000 712.7500
72 0.638835 238.5000 93.0000 758.7500 709.0000
67 0.256831 777.0625 411.0312 897.9688 570.2500
62 0.138931 695.8750 181.5000 1276.7500 709.6250
69 0.101943 696.0000 183.8750 1277.7500 712.0000
F 559 6
0 0.942504 764.2500 264.6250 1279.8750 712.8750
72 0.769078 234.6250 97.2500 759.5000 708.5000
67 0.267409 774.8750 410.6875 901.6250 574.3750
67 0.213377 771.3750 412.4375 950.7500 692.6250
68 0.173290 695.7500 183.3750 1271.5000 709.0000
69 0.139399 696.3750 186.2500 1275.5000 710.7500
F 560 3
0 0.944585 759.5000 264.3750 1279.5000 712.1250
72 0.680879 236.0000 97.5000 759.0000 708.0000
67 0.300746 771.8125 413.7188 904.1562 573.8750
F 561 4
0 0.941653 762.5000 263.2500 1280.0000 711.5000
72 0.816406 236.1250 102.0000 762.0000 708.5000
67 0.379378 771.1250 412.7500 896.5312 573.8750
72 0.148044 699.1250 185.5000 1273.5000 708.7500
F 562 5
0 0.944585 758.5000 263.7500 1279.5000 711.7500
72 0.735642 238.8750 90.3750 764.7500 709.7500
67 0.209470 769.6875 407.7500 915.6250 574.5625
72 0.130727 694.1250 182.8750 1276.0000 709.7500
68 0.101586 694.6250 184.6250 1280.0000 711.0000
F 563 3
0 0.943136 757.2500 262.5000 1279.5000 711.5000
72 0.764889 235.7500 100.2500 755.2500 709.2500
67 0.540924 770.8750 412.2969 898.0625 569.8750
F 564 4
0 0.943136 763.0000 262.5000 1279.5000 713.0000
72 0.783988 238.2500 105.7500 766.0000 708.2500
67 0.284576 767.1875 413.1875 919.4375 574.3125
72 0.122942 696.0000 186.5000 1272.5000 709.7500
F 565 5
0 0.939690 755.8750 262.0000 1279.7500 712.1250
72 0.773215 233.7500 98.7500 757.0000 708.5000
67 0.173290 768.6875 414.6250 928.0000 576.1875
67 0.108190 768.3750 412.3750 943.7500 685.1250
72 0.102661 696.8750 186.5000 1275.7500 709.2500
F 566 5
0 0.941438 758.7500 261.0000 1279.6250 713.0000
72 0.811677 234.6250 104.5000 764.0000 708.5000
67 0.249447 768.3750 414.5625 916.3750 576.6250
69 0.151528 697.5000 184.2500 1273.7500 714.0000
72 0.133868 696.7500 185.2500 1275.0000 710.0000
F 567 6
0 0.939025 759.2500 261.5000 1280.0000 712.0000
72 0.769078 236.5000 102.2500 759.7500 708.2500
67 0.422505 765.7500 413.8750 889.5625 575.7500
68 0.249447 696.7500 183.7500 1274.0000 708.5000
69 0.134322 698.1250 186.5625 1277.7500 711.0000
67 0.108947 764.8125 413.6875 947.6250 689.0000
F 568 5
0 0.944174 757.0000 261.5000 1280.0000 712.2500
72 0.801936 236.0000 101.5000 762.2500 709.0000
67 0.284576 770.6875 415.3750 941.9688 675.5000
67 0.228158 770.5000 415.6250 910.1875 577.8750
72 0.180106 694.0000 184.7500 1272.5000 707.2500
F 569 7
0 0.944789 758.2500 260.7500 1279.8750 712.2500
72 0.799442 236.2500 100.5000 762.2500 708.5000
67 0.295840 768.1875 412.5312 899.2500 576.2500
67 0.185947 765.4375 412.3125 938.2500 688.2500
67 0.183594 766.4375 413.3125 931.8438 611.6250
56 0.154565 706.8750 126.9688 893.3750 201.9062
62 0.104110 697.2500 184.2500 1277.7500 709.6250
F 570 5
0 0.946200 754.2500 260.5000 1279.5000 711.2500
72 0.778650 237.1250 101.7500 753.5000 708.2500
67 0.224055 762.5625 411.5312 897.7500 573.6250
67 0.117572 762.1875 410.5000 948.6250 697.8750
72 0.100522 693.8750 182.0000 1274.7500 708.7500
F 571 6
0 0.935349 755.1250 260.2500 1279.7500 711.2500
72 0.803174 236.7500 99.7500 761.2500 708.5000
67 0.339827 765.8125 413.5000 893.1250 574.8750
69 0.196209 696.2500 183.6250 1270.7500 713.0000
68 0.119200 692.7500 184.7500 1273.7500 711.0000
67 0.102302 764.6875 412.6875 927.2500 597.0312
F 572 5
0 0.937671 757.7500 259.0000 1280.0000 712.7500
72 0.762068 235.8750 100.0000 756.2500 708.2500
67 0.261330 765.3125 413.7812 896.0000 573.3750
72 0.158693 696.6250 184.6250 1277.2500 709.5000
68 0.101586 697.5000 185.7500 1279.2500 711.2500
F 573 7
0 0.946399 755.3750 258.7500 1279.7500 712.2500
72 0.709020 238.8750 97.2500 759.2500 709.5000
67 0.310694 768.1875 412.5156 901.5312 573.3750
67 0.237932 766.3125 410.3125 941.8750 706.0000
67 0.136610 771.5000 411.2812 893.9062 532.9375
72 0.107814 696.0000 185.0000 1277.7500 709.5000
62 0.101586 695.3750 183.7500 1280.0000 710.0000
F 574 4
0 0.947577 758.2500 260.2500 1280.0000 712.2500
72 0.695958 237.7500 92.2500 764.5000 709.7500
67 0.242207 766.7500 413.9375 887.9688 570.3750
72 0.124636 697.2500 185.5625 1270.2500 708.7500
F 575 5
0 0.937214 759.5000 259.5000 1280.0000 712.6250
72 0.766291 235.3750 97.7500 756.7500 708.7500
72 0.287767 692.0000 183.2500 1272.2500 710.7500
45 0.118383 706.8125 126.6250 892.9375 200.3750
67 0.117572 763.8750 415.6875 915.3750 580.2500
F 576 5
0 0.938352 757.5000 258.7500 1279.7500 713.0000
72 0.771842 236.5000 102.2500 755.5000 709.0000
67 0.171063 765.5000 412.8438 899.5938 572.1250
72 0.167220 692.1250 185.6250 1276.0000 709.2500
67 0.115963 763.8125 414.5625 939.0938 695.1250
F 577 6
0 0.939690 754.8750 259.0000 1279.2500 711.2500
72 0.759223 234.7500 98.5000 759.5000 709.2500
67 0.232313 763.6875 414.0000 937.9375 689.1250
67 0.175540 766.7500 412.2500 903.0625 574.2500
72 0.165593 695.2500 185.1250 1274.2500 709.5000
69 0.119616 695.5000 184.6250 1275.0000 714.7500
F 578 4
0 0.938352 760.5000 260.0000 1280.0000 712.7500
72 0.729520 235.0000 99.0000 758.7500 708.5000
67 0.229537 767.0625 417.0000 941.7500 688.5000
62 0.146574 698.2500 182.7500 1280.0000 710.3750
F 579 5
0 0.942080 758.7500 259.2500 1280.0000 712.5000
72 0.757793 237.5000 94.5000 765.0000 708.7500
67 0.309023 767.9375 411.4375 896.3438 576.1250
69 0.145601 699.7500 184.7500 1277.2500 715.5000
72 0.129401 698.0000 185.6250 1276.0000 710.2500
F 580 6
0 0.932944 761.0000 259.7500 1279.7500 713.0000
72 0.760648 234.8750 98.0000 755.2500 707.7500
67 0.208179 766.5625 414.9375 931.5625 691.2500
72 0.156103 694.3750 181.3750 1277.5000 710.0000
67 0.131172 768.0000 414.8125 925.1250 602.2500
62 0.100522 694.6250 181.7500 1278.5000 710.5000
F 581 6
0 0.934875 753.6250 260.0000 1279.5000 712.2500
72 0.827826 236.3750 101.0000 754.2500 708.7500
67 0.265880 767.4375 411.9375 897.4688 574.5000
67 0.177812 764.5625 411.8750 932.5625 685.3750
68 0.160265 695.5000 187.0000 1276.5000 711.2500
67 0.142234 766.3125 412.4375 932.9062 595.8125
F 582 6
0 0.942926 761.0000 259.7500 1280.0000 712.7500
72 0.754914 238.0000 96.7500 754.5000 708.5000
67 0.191932 762.6250 414.9375 944.6875 688.3750
67 0.176673 763.0625 412.8438 905.9688 572.6250
62 0.142712 695.2500 184.5000 1277.2500 710.7500
68 0.100875 695.7500 186.6250 1278.2500 711.2500
F 583 4
0 0.940136 759.2500 261.2500 1279.2500 712.5000
72 0.771842 235.7500 95.2500 756.0000 708.7500
62 0.115563 695.3750 185.0000 1278.2500 710.8750
72 0.102302 695.3750 185.0000 1273.7500 710.5000
F 584 6
0 0.937899 761.5000 260.0000 1280.0000 713.0000
72 0.738670 235.2500 98.5000 755.5000 708.0000
72 0.209470 694.6250 184.5000 1279.5000 710.5000
67 0.149036 763.1250 409.2500 928.6250 682.1250
67 0.130284 765.1875 409.8438 895.0625 575.3750
62 0.104110 695.1250 184.2500 1278.2500 710.1250
F 585 6
0 0.933189 760.2500 261.2500 1279.2500 712.7500
72 0.805633 235.2500 101.7500 755.7500 708.7500
67 0.627952 768.8125 409.8125 932.8125 670.1250
72 0.150029 692.1250 185.2500 1277.7500 709.5000
67 0.139399 772.8750 411.5156 907.4062 569.6250
67 0.111244 772.0000 409.5938 890.8750 530.5625
F 586 5
0 0.930960 759.8750 261.7500 1279.5000 712.1250
72 0.785308 235.3750 98.5000 760.2500 709.0000
67 0.564099 766.3750 407.7500 943.0625 679.0000
67 0.142234 768.6250 408.9219 902.4375 571.1250
69 0.138464 701.1250 186.6250 1278.2500 711.7500
F 587 6
0 0.938577 760.2500 263.0000 1279.5000 712.3750
72 0.759223 237.6250 98.2500 757.7500 708.5000
67 0.237932 766.7500 407.1250 946.0000 694.3750
67 0.132066 767.8125 408.3125 939.8438 584.1875
72 0.110858 694.8750 181.3750 1274.2500 711.2500
67 0.106691 769.5000 407.5000 896.6562 530.0000
F 588 5
0 0.941007 766.0000 263.0000 1280.0000 712.2500
72 0.753466 236.5000 95.0000 761.7500 709.7500
67 0.264358 769.9375 410.5781 893.4375 530.3750
67 0.256831 766.2500 412.1250 940.6875 678.3750
72 0.144150 694.8750 184.3750 1272.0000 712.0000
F 589 5
0 0.933432 764.2500 263.0000 1279.2500 712.0000
72 0.782663 235.0000 98.5000 760.5000 708.7500
67 0.294215 769.5625 408.0625 938.6250 674.3750
69 0.145116 695.5000 186.6875 1278.2500 712.7500
62 0.103383 694.8750 183.7500 1276.0000 710.6250
F 590 6
0 0.940354 765.1250 262.5000 1279.5000 711.6250
72 0.825588 234.1250 103.2500 758.5000 708.7500
67 0.397938 769.6875 410.6875 937.9375 668.1250
67 0.252384 771.9375 408.5938 896.8750 573.3750
72 0.191327 694.2500 185.3750 1274.7500 710.0000
67 0.124210 772.3750 407.9375 891.9375 528.8750
F 591 7
0 0.932699 769.2500 264.5000 1279.8750 712.6250
72 0.734120 239.2500 94.0000 755.5000 709.2500
67 0.270480 770.0000 400.5000 930.0000 669.6250
67 0.235111 773.9375 402.4062 903.6875 526.0625
68 0.204342 695.1250 184.7500 1278.0000 712.0000
69 0.148542 695.8750 184.8125 1278.5000 714.0000
72 0.100522 695.3750 183.1250 1275.5000 710.2500
F 592 6
0 0.938801 771.0000 265.0000 1279.8750 712.0000
72 0.775945 236.0000 92.1250 764.5000 710.2500
67 0.447460 771.1250 401.3750 946.3750 666.0000
67 0.272025 773.5625 403.5625 900.8750 529.8125
62 0.141759 693.1250 185.0000 1275.2500 710.0000
68 0.112019 694.7500 185.6250 1277.5000 711.5000
F 593 7
0 0.942080 777.0000 265.6250 1279.3750 713.0000
72 0.819894 234.1250 97.7500 762.0000 708.7500
67 0.230922 773.3750 404.7188 901.1875 526.8125
67 0.149036 771.1250 405.8750 937.5625 669.2500
69 0.136610 696.7500 186.1875 1276.2500 712.2500
72 0.122521 695.7500 184.0000 1271.2500 708.7500
67 0.102302 776.9062 415.5938 868.6406 525.4688
F 594 5
0 0.932207 773.5000 267.1250 1280.0000 712.1250
72 0.804406 239.2500 104.0000 759.7500 709.5000
72 0.275130 689.5000 181.6250 1272.5000 710.2500
67 0.225417 767.3750 406.8750 935.5000 673.3750
67 0.161319 771.3125 407.6875 897.0312 527.6250
F 595 4
0 0.932453 775.2500 266.3750 1280.0000 713.0000
72 0.717012 235.8750 97.2500 764.2500 708.2500
72 0.334589 695.0000 182.6250 1275.5000 710.5000
67 0.152031 773.3750 414.2500 934.0000 667.1250
F 596 5
0 0.941438 775.2500 269.1250 1280.0000 711.7500
72 0.781331 234.8750 100.0000 771.0000 708.5000
67 0.132066 772.6875 405.0000 947.0000 691.0000
56 0.123786 707.7188 127.2969 894.6250 200.6562
67 0.110474 773.9375 402.7188 903.1875 529.1250
F 597 6
0 0.931959 777.2500 269.0000 1279.5000 712.7500
72 0.782663 236.8750 97.5000 762.7500 708.2500
67 0.322526 771.1250 400.2500 945.6250 665.7500
67 0.252384 772.4375 401.6250 902.7188 528.2500
72 0.166134 692.1250 185.7500 1270.5000 709.0000
68 0.124210 693.1250 187.1250 1276.7500 711.7500
F 598 5
0 0.936521 773.5000 269.0000 1279.7500 712.5000
72 0.769078 235.0000 98.7500 765.0000 709.5000
67 0.213377 773.3125 403.6250 897.0000 528.5625
72 0.156103 692.2500 180.0000 1276.5000 709.5000
68 0.115963 693.3750 181.6250 1278.7500 711.2500
F 599 5
0 0.933189 777.5000 271.1250 1279.8750 712.3750
72 0.799442 235.2500 103.7500 758.7500 708.5000
67 0.232313 780.5625 400.3438 900.2188 529.0000
67 0.152031 777.4375 398.2500 945.7500 676.5000
62 0.115963 694.2500 182.2500 1276.0000 710.1250
F 600 6
0 0.935821 779.0000 269.1250 1279.3750 713.2500
72 0.750553 234.8750 102.2500 767.7500 708.7500
67 0.196826 776.1875 399.5938 897.5625 528.9375
72 0.150527 694.1250 181.5000 1274.5000 709.2500
67 0.123363 775.3125 396.7500 950.9375 669.1250
69 0.106319 694.2500 183.1250 1274.7500 713.7500
